,,,,,,,,,,,,,,,,,,,,,,,,,,,,,,,,,,,,,,,,,,,,,,,,,,,,,,,,,,,,,,,,,,,,,,,,,,,,,,,,,,,,,,,,,,,,,,,,,,,,,,,,,,,,,,,,,,,,,,,,,,,,,,,,,,,,,,,,,,,,,,,,,,,,,,,,,,,,,,,,,,,,,,,,,,,,,,,,,,,,,,,,,,,,,,,,,,,,,,,,,,,,,,,,,,,,,,,,,,,,,,,,,,,,,,,,,,,,,,,,,,,,,,,,,,,,,,,,,,,,,,,,,,,,,,,,,,,,,,,,,,,,,,,,,,,,,,,,,,,,,,,,,,,,,,,,,,,,,,,,,,,,,,,,,,,,,,,,,,,,,,,,,,,,,,,,,,,,,,,,,,,,,,,,,,,,,,,,,,,
,,,,,,,,,,,,,,,,,,,,,,,,,SHIRORO OPERATIONS REGION HOURLY READINGS,,,,,,,,,,,,,,,,,,,,,,,,,,,,,,,,,,,,,,,,,,,,,,,,,,,,,,,,,,,,,,,,,,,,,,,,,,,,,,,,,,,,,,,,,,,,,,,,,,,,,,,,,,,,,,,,,,,,,,,,,,,,,,,,,,,,,,,,,,,,,,,,,,,,,,,,,,,,,,,,,,,,,,,,,,,,,,,,,,,,,,,,,,,,,,,,,,,,,,,,,,,,,,,,,,,,,,,,,,,,,,,,,,,,,,,,,,,,,,,,,,,,,,,,,,,,,,,,,,,,,,,,,,,,,,,,,,,,,,,,,,,,,,,,,,,,,,,,,,,,,,,,,,,,,,,,,,,,,,,,,,,,,,,,,,,,,,,,,,,,,,,,,,,,,,,,,,
,,,,,,,,,,,,,,,,,,,,,,,,,,,,,,,,,,,,,,,,,,,,,,,,,,,,,,,,,,,,,,,,,,,,,,,,,,,,,,,,,,,,,,,,,,,,,,,,,,,,,,,,,,,,,,,,,,,,,,,,,,,,,,,,,,,,,,,,,,,,,,,,,,,,,,,,,,,,,,,,,,,,,,,,,,,,,,,,,,,,,,,,,,,,,,,,,,,,,,,,,,,,,,,,,,,,,,,,,,,,,,,,,,,,,,,,,,,,,,,,,,,,,,,,,,,,,,,,,,,,,,,,,,,,,,,,,,,,,,,,,,,,,,,,,,,,,,,,,,,,,,,,,,,,,,,,,,,,,,,,,,,,,,,,,,,,,,,,,,,,,,,,,,,,,,,,,,,,,,,,,,,,,,,,,,,,,,,,,,,
,,,,,,,,,,,,,,,,,,,,,,,,,,,,,,,,,,,,,,,,,,,,,,,,,,,,,,,,,,,,,,,,,,,,,,,,,,,,,,,,,,,,,,,,,,,,,,,,,,,,,,,,,,,,,,,,,,,,,,,,,,,,,,,,,,,,,,,,,,,,,,,,,,,,,,,,,,,,,,,,,,,,,,,,,,,,,,,,,,,,,,,,,,,,,,,,,,,,,,,,,,,,,,,,,,,,,,,,,,,,,,,,,,,,,,,,,,,,,,,,,,,,,,,,,,,,,,,,,,,,,,,,,,,,,,,,,,,,,,,,,,,,,,,,,,,,,,,,,,,,,,,,,,,,,,,,,,,,,,,,,,,,,,,,,,,,,,,,,,,,,,,,,,,,,,,,,,,,,,,,,,,,,,,,,,,,,,,,,,,
,,,,,,,,,,,,,,,,,,,,,,,,,,,,,,,,,,,,,,,,,,,,,,,,,,,,,,,,,,,,,,,,,,,,,,,,,,,,,,,,,,,,,,,,,,,,,,,,,,,,,,,,,,,,,,,,,,,,,,,,,,,,,,,,,,,,,,,,,,,,,,,,,,,,,,,,,,,,,,,,,,,,,,,,,,,,,,,,,,,,,,,,,,,,,,,,,,,,,,,,,,,,,,,,,,,,,,,,,,,,,,,,,,,,,,,,,,,,,,,,,,,,,,,,,,,,,,,,,,,,,,,,,,,,,,,,,,,,,,,,,,,,,,,,,,,,,,,,,,,,,,,,,,,,,,,,,,,,,,,,,,,,,,,,,,,,,,,,,,,,,,,,,,,,,,,,,,,,,,,,,,,,,,,,,,,,,,,,,,,
,,,,,,,,,,,,,,,,,,,,,,,,,,,,,,,,,,,,,,,,,,,,,,,,,,,,,,,,,,,,,,,,,,,,,,,,,,,,,,,,,,,,,,,,,,,,,,,,,,,,,,,,,,,,,,,,,,,,,,,,,,,,,,,,,,,,,,,,,,,,,,,,,,,,,,,,,,,,,,,,,,,,,,,,,,,,,,,,,,,,,,,,,,,,,,,,,,,,,,,,,,,,,,,,,,,,,,,,,,,,,,,,,,,,,,,,,,,,,,,,,,,,,,,,,,,,,,,,,,,,,,,,,,,,,,,,,,,,,,,,,,,,,,,,,,,,,,,,,,,,,,,,,,,,,,,,,,,,,,,,,,,,,,,,,,,,,,,,,,,,,,,,,,,,,,,,,,,,,,,,,,,,,,,,,,,,,,,,,,,
,,,,,,,,,,,,,,,,,,,,,,,,,,,,,,,,,,,,,,,,,,,,,,,,,,,,,,,,,,,,,,,,,,,,,,,,,,,,,,,,,,,,,,,,,,,,,,,,,,,,,,,,,,,,,,,,,,,,,,,,,,,,,,,,,,,,,,,,,,,,,,,,,,,,,,,,,,,,,,,,,,,,,,,,,,,,,,,,,,,,,,,,,,,,,,,,,,,,,,,,,,,,,,,,,,,,,,,,,,,,,,,,,,,,,,,,,,,,,,,,,,,,,,,,,,,,,,,,,,,,,,,,,,,,,,,,,,,,,,,,,,,,,,,,,,,,,,,,,,,,,,,,,,,,,,,,,,,,,,,,,,,,,,,,,,,,,,,,,,,,,,,,,,,,,,,,,,,,,,,,,,,,,,,,,,,,,,,,,,,
,,,,,,,,,,,,,,,,,,,,,,,,,,,,,,,,,,,,,,,,,,,,,,,,,,,,,,,,,,,,,,,,,,,,,,,,,,,,,,,,,,,,,,,,,,,,,,,,,,,,,,,,,,,,,,,,,,,,,,,,,,,,,,,,,,,,,,,,,,,,,,,,,,,,,,,,,,,,,,,,,,,,,,,,,,,,,,,,,,,,,,,,,,,,,,,,,,,,,,,,,,,,,,,,,,,,,,,,,,,,,,,,,,,,,,,,,,,,,,,,,,,,,,,,,,,,,,,,,,,,,,,,,,,,,,,,,,,,,,,,,,,,,,,,,,,,,,,,,,,,,,,,,,,,,,,,,,,,,,,,,,,,,,,,,,,,,,,,,,,,,,,,,,,,,,,,,,,,,,,,,,,,,,,,,,,,,,,,,,,
,,,,,,,,,,,,,,,,,,,,,,,,,,,,,,,,,,,,,,,,,,,,,,,,,,,,,,,,,,,,,,,,,,,,,,,,,,,,,,,,,,,,,,,,,,,,,,,,,,,,,,,,,,,,,,,,,,,,,,,,,,,,,,,,,,,,,,,,,,,,,,,,,,,,,,,,,,,,,,,,,,,,,,,,,,,,,,,,,,,,,,,,,,,,,,,,,,,,,,,,,,,,,,,,,,,,,,,,,,,,,,,,,,,,,,,,,,,,,,,,,,,,,,,,,,,,,,,,,,,,,,,,,,,,,,,,,,,,,,,,,,,,,,,,,,,,,,,,,,,,,,,,,,,,,,,,,,,,,,,,,,,,,,,,,,,,,,,,,,,,,,,,,,,,,,,,,,,,,,,,,,,,,,,,,,,,,,,,,,,
04/01/2026,,,SHIRORO 330/132KV TS,,,,,,,,,,,,,,,,,,,,,,,,,,,,,,,,,,,,,,,,,,,,,,,,,,,,SHIRORO II TS,,,,,,,,,JEBBA 330/132KV TS,,,,,,,,,,,,,,,,,,,,,,,,,,,,,,,,,,,,,,,,,,,,JEBBA 132/33KV,,,,,,,,,KAINJI/FAKUM 330132KV,,,,,,,,,,,,,,,,,ZUNGERU 330/132KV TS,,,,,,,,,,,,,,,,,,,,,,,,,,,,,,,,,,,,,,,,,,,,,,,,MARARABA 33KV TS,,,,,,,,,,,,,,,,,,,,,,,,,MINNA 132KV TS,,,,,,,,,,,,,,,,,,,,,,,,,TEGINA 132KV,,,,,,,,,BIDA 132KV TS,,,,,,,,,,,,,,,,,DOGON GARI 132KV TS,,,,,,,,,,,,,,,,,KONTAGORA 132KV  TS,,,,,,,,,,,,,,,,,YAURI 132KV TS,,,,,,,,,,,,,,,,,SOKOTO 132KV TS,,,,,,,,,,,,,,,,,,BIRNIN KEBBI 330/132KV TS,,,,,,,,,,,,,,,,,,,,,,,,,,BIRNIN KEBBI 132KV TS,,,,,,,,,,,,,,,,,,,,,,,,,,
,,,,,,,,,,,,,,,,,,,,,,,,,,,,,,,,,,,,,,,,,,,,,,,,,,,,,,,,,,,,,,,,,,,,,,,,,,,,,,,,,,,,,,,,,,,,,,,,,,,,,,,,,,,,,,,,,,,,,,,,,,,,,,,,,,,,,,,,,,,,,,,,,,,,,,,,,,,,,,,,,,,,,,,,,,,,,,,,,,,,,,,,,,,,,,,,,,,,,,,,,,,,,,,,,,,,,,,,,,,,,,,,,,,,,,,,,,,,,,,,,,,,,,,,,,,,,,,,,,,,,,,,,,,,,,,,,,,,,,,,,,,,,,,,,,,,,,,,,,,,,,,,,,,,,,,,,,,,,,,,,,,,,,,,,,,,,,,,,,,,,,,,,,,,,,,,,,,,,,,,,,,,,,,,,,,,,,,,,,,
,,,,2SHR TR1,,,,,,,2SHR TR2,,,,,,,2SHR-KTP 1,,,,2SHR-GWA1,,,,2SHR-MND1,,,,2SHR-MND2,,,,2SHR-MRB1,,,,2SHR-MRB2,,,,3SHR-MNA1,,,,3SHR-MNA2,,,,3SHR-TEG1,,,,,3SHRTR1,,,,,,,,,2JEB TR1,,,,,,,,2JEB-JEG 1,,,,2JEB-JEG 2,,,,2JEB-KNJ1,,,,2JEB-KNJ2,,,,2JEB-SGB1,,,,2JEB-SGB2,,,,2JEB-GAM 1,,,,2JEB-MRB 1,,,,2JEB-MRB 2,,,,3JEBTR2,,,,,,,,,2FAK TR1,,,,,,,,2KNJ-JEB 1 ,,,,2KNJ -JEB 2 ,,,,,2ZGU TR 1,,,,,,,,2ZGU TR 2,,,,,,,CCT 1ZGU1,,,,CCT 1ZGU 2,,,,CCT 1ZGU 3,,,,CCT 1ZGU 4,,,,2ZGU-MRB1,,,,2ZGU-MRB2,,,,3ZGU-TEG1,,,,3ZGU-TEG,,,,,2MRB- SHR1,,,,2MRB- SHR2,,,,2MRB-ZGU1,,,,2 MRB-ZGU2,,,,2MRB-JEB1,,,,2 MRB-JEB2,,,,,3MNA TR1,,,,,,,,3MNA TR2,,,,,,,,3MNA TR1,,,,,,,,,3TEG TR1,,,,,,,,,3BDA TR5,,,,,,,,3BDA TR2,,,,,,,,,3DGR TR1,,,,,,,,3DGR TR2,,,,,,,,,3KNT  TR1,,,,,,,,3KNT  TR2,,,,,,,,,3YUR  TR1,,,,,,,,3YAU TR2,,,,,,,,,3SOK  TR1,,,,,,,,3SOK TR3,,,,,,,,,,2KNJ-BRK1,,,2BRK TR1,,,,,,,,2BRK TR2,,,,,,,2BRK TR3,,,,,,,,3BRK TR4,,,,,,,,,,,3BRKTR5,,,,,,,,3BRKTR6,,,,,,,
TIME (HRS,,FREQ. (HZ),330KV,132KV,AMP,MW,MX,TAP,WIND,OIL,132KV,AMP,MW,MX,TAP,WIND,OIL,330KV,AMP,MW,MX,330KV,AMP,MW,MX,330KV,AMP,MW,MX,330KV,AMP,MW,MX,330KV,AMP,MW,MX,330KV,AMP,MW,MX,132KV,AMP,MW,MX,132KV,AMP,MW,MX,132KV,AMP,MW,MX,,132KV,33KV,AMP,MW,MX,TAP,WIND,OIL,,330KV,132KV,AMP,MW,MX,TAP,WIND,OIL,330KV,AMP,MW,MX,330KV,AMP,MW,MX,330KV,AMP,MW,MX,330KV,AMP,MW,MX,330KV,AMP,MW,MX,330KV,AMP,MW,MX,330KV,AMP,MW,MX,330KV,AMP,MW,MX,330KV,AMP,MW,MX,132KV,33KV,AMP,MW,MX,TAP,WIND,OIL,,330KV,132KV,AMP,MW,MX,TAP,WIND,OIL,330KV,AMP,MW,MX,330KV,AMP,MW,MX,,330KV,132KV,AMP,MW,MX,TAP,WIND,OIL,,AMP,MW,MX,TAP,WIND,OIL,330KV,AMP,MW,MX,330KV,AMP,MW,MX,330KV,AMP,MW,MX,330KV,AMP,MW,MX,330KV,AMP,MW,MX,330KV,AMP,MW,MX,132KV,AMP,MW,MX,132KV,AMP,MW,MX,,330KV,AMP,MW,MX,330KV,AMP,MW,MX,330KV,AMP,MW,MX,330KV,AMP,MW,MX,330KV,AMP,MW,MX,330KV,AMP,MW,MX,,132KV,33KV,AMP,MW,MX,TAP,WIND,OIL,132KV,33KV,AMP,MW,MX,TAP,WIND,OIL,132KV,33KV,AMP,MW,MX,TAP,WIND,OIL,,132KV,33KV,AMP,MW,MX,TAP,WIND,OIL,,132KV,33KV,AMP,MW,MX,TAP,WIND,OIL,132KV,33KV,AMP,MW,MX,TAP,WIND,OIL,,132KV,33KV,AMP,MW,MX,TAP,WIND,OIL,132KV,33KV,AMP,MW,MX,TAP,WIND,OIL,,132KV,33KV,AMP,MW,MX,TAP,WIND,OIL,132KV,33KV,AMP,MW,MX,TAP,WIND,OIL,,132KV,33KV,AMP,MW,MX,TAP,WIND,OIL,132KV,33KV,AMP,MW,MX,TAP,WIND,OIL,,132KV,33KV,AMP,MW,MX,TAP,WIND,OIL,132KV,33KV,AMP,MW,MX,TAP,WIND,OIL,,330KV,AMP,MW,MX,330KV,MW,MX,KV,AMP,WIND,OIL,TAP,MW,MX,KV,AMP,WIND,OIL,TAP,MW,MX,KV,AMP,WIND,OIL,TAP,,,,,,MW,MX,AMP,33KV,WIND,OIL,TAP,,MW,MX,AMP,33KV,WIND,OIL,TAP,,MW,MX,AMP,33KV,WIND,OIL,TAP
01:00:00 AM,,50.11,340,135,51,10.8,,6,48,47,140,67,16.9,,6,54,48,343.4,214.7,129.9,,376.8,142.7,88.3,,342.8,289.6,184.8,,342.5,320.1,166.1,,348.6,368.3,229.6,,341.2,391.1,217.9,,135,51,10.8,,140,67,16.9,,135,,,,,,33,245,2.7,,22,85,59,,346,146,266,13.3,,6,58,56,346,284,167,36,339,304,167,34,346,272,158,6,339,278,156,6,353,133,89,7,336,273,136,11,340,261,165,70,342,185,90,54,328,195,90,54,146,35,266,13.3,,7,60,53,5,343,142,36.13,21.74,5.43,8,40,45.5,,,,,,,,,,342,137,58,2.9,,9,46,48,,106,4.7,,9,46,48,342,234,137.7,-2.2,341,0,0,0,341,4.02,2.04,-0.9,340,0,0,0,340,219,127.2,,342,200,127.6,7.2,137,100,20.11,,137,,,,,343,298.36,188.04,24.46,342,316.09,185.27,28.73,342,197.24,-114.16,16.33,342,181.12,-113.49,-20.86,343,112.25,-73.12,-7.87,342,123.09,-72.12,-8.71,,134KV,34KV,140,7,2.8,8,48,46,134KV,34KV,41,2.05,0.82,5,58,58,134KV,34KV,184,9.2,4.6,7,48,48,,135,33,104,5.2,,2,58,48,,141,32.9,109,5.3,6,4,47,46,141,35.2,3,0.2,0.3,12,48,47,,141.01,35.29,,,4.86,3,62.71,44.22,ON,ON,ON,ON,ON,ON,ON,ON,,138,32.5,0,0,0,2,34,34,138,33.9,127,6.7,2.4,2,44,44,,O/S,O/S,O/S,O/S,,1,O/S,O/S,136,33,152,8.1,,1,40,38,,134,33,169,8.3,2,3,49,49,134,33,259,12.7,5,5,48,50,,345,201,117,74,334,51,5,142,90,52,50,10,66,10,139,111,54,50,8,TS,TS,TS,TS,40,40,5,,,,,,12.2,4.5,210,36,44,DEFECTIVE,5,,14,5.8,254,36,44,45,6,,TS,TS,TS,TS,44,49,4
02:00:00 AM,,50.13,340,135,50,10.8,,6,48,47,140,62,15.9,,6,54,48,344.1,223.6,135.8,,377.4,150.5,94.9,,344.1,275.4,177.3,,343.8,309.6,161.2,,349.7,357.3,225.1,,342.5,380.2,212.6,,135,50,10.8,,140,62,15.9,,135,,,,,,33,240,2.7,,22,85,59,,346,147,257,12.9,,6,57,56,346,290,167,37,339,305,168,35,346,282,102,4,339,288,161,5,353,138,91,9,336,282,140,11,339,276,74,79,343,183,89,53,328,189,90,52,147,35,257,12.9,,7,60,53,,344,142,30.21,17.38,3.67,8,36,46,,,,,,,,,,343,137,68,2.9,,9,46,48,,105,4.7,,9,46,48,343,235,137.5,-1.1,341,0,0,0,341,238,138,-0.3,340,0,0,0,340,219,127.2,,342,200,127.8,7.2,137,110,18.9,,137,,,,,343,352.72,195.15,18.34,343,321.66,193.4,22.53,343,194.17,-113.16,-13.57,343,212.63,-112.99,-20.02,343,159.88,84.59,0,343,150.35,-86.77,-4.36,,134KV,34KV,100,5,2,8,48,46,134KV,34KV,39,1.95,0.78,5,58,58,134KV,34KV,185,9.25,4.625,7,48,48,,135,33,98,4.9,,2,58,48,,141,32.9,144,7.2,7.9,4,47,46,141,35.3,3,0.2,0.3,12,48,47,,141.54,35.33,306.54,15.32,4.67,3,58.5,45.61,ON,ON,ON,ON,ON,ON,ON,ON,,136,32.5,0,0,0,2,33,33,136,33.8,128,6.2,2.1,2,44,43,,O/S,O/S,O/S,O/S,,1,O/S,O/S,136,33,142,7.7,,1,40,38,,131,33,157,7.7,2,3,49,49,131,33,380,18.6,5,5,48,50,,346,194,111,74,334,58,9.3,141,103,52,50,10,53,14,140,91,52,49,8,TS,TS,TS,TS,40,40,5,,,,,,1.8,0.4,31,36,44,DEFECTIVE,5,,13.3,5.7,243,36,44,45,6,,TS,TS,TS,TS,44,49,4
03:00:00 AM,,50.21,340,134,78,16.7,,6,48,47,139,77,19.1,,6,54,48,342.1,196.8,119.5,,375.4,125.3,73.4,,342.1,305.9,192.9,,342.2,339.5,173.5,,347.5,366.1,228.1,,340.4,391.9,215.7,,134,78,16.7,,139,77,19.1,,134,,,,,,33,226,2.5,,22,85,59,,346,146,259,13,,6,57,54,346,286,168,31,339,304,168,30,346,280,160,10,338,288,160,7,352,133,89,6,336,276,137,8,339,265,167,74,344,183,93,52,328,189,92,46,146,35,259,13,,7,61,54,,344,142,29.73,17.69,3.51,8,35,44.5,,,,,,,,,,342,137,87,3.7,,9,46,48,,105,4.7,,9,46,48,342,234,137.5,-1.5,341,0,0,0,341,237,138,-0.9,340,0,0,0,339,221,127.4,,342,200,127.8,7.8,137,109,17.71,,137,,,,,342,335.87,195.66,19.43,342,344.66,195.15,22.53,342,195.04,-113.49,-14.91,342,213.66,-113.16,-21.69,342,161.49,-85.35,0,342,144.63,-82.42,-4.36,,134KV,34KV,110,5.5,2.2,8,48,46,134KV,34KV,96,4.8,1.92,5,58,58,134KV,34KV,249,12.45,6.225,7,50,50,,135,33,92,4.6,,2,58,48,,140,32.3,184,9.3,10.1,4,47,46,140,33.8,3,0.2,0.3,12,48,47,,141.37,35.51,300.02,15,4.67,3,54.48,45.61,ON,ON,ON,ON,ON,ON,ON,ON,,136,32.5,0,0,0,2,33,33,136,34,116,6.1,2.3,2,44,43,,O/S,O/S,O/S,O/S,,1,O/S,O/S,135,32,134,7.2,,1,40,38,,131,33,157,7.7,2,3,49,49,131,33,376,18.4,5,5,48,50,,334,195,109,73,343,55,1,144,67,45,41,10,61,11.6,145,133,54,45,8,TS,TS,TS,TS,40,40,5,,,,,,2.2,0,42,36,34,DEFECTIVE,5,,9.1,3.2,158,36,44,45,6,,TS,TS,TS,TS,44,49,4
04:00:00 AM,,50.27,340,136,68,14.9,,6,48,47,140,75,18.7,,6,54,48,345.2,174.1,106.4,,378.6,106.7,62.7,,344.9,318.8,207.7,,344.7,353.3,187.9,,350.6,365.3,230.8,,343.2,387.9,218.7,,136,68,14.9,,140,75,18.7,,136,,,,,,33,217,2.5,,22,85,59,,346,147,272,13.6,,6,57,56,346,288,169,36,339,305,168,34,345,260,156,4,338,256,154,5,352,128,85,7,336,264,130,9,339,256,161,72,346,198,98,57,328,207,100,53,147,35,272,13.6,,7,62,54,,344,142,29.45,16.96,3.44,8,34,44,,,,,,,,,,342,137,87,3.7,,9,46,48,,106,4.7,,9,46,48,342,234,137.5,-0.5,342,0,0,0,342,237,138,-0.4,341,0,0,0,341,220,128,,343,202,128.3,7.1,137,113,16.2,,137,,,,,340,376.9,205.62,25.8,340,345.1,204.7,28.14,341,194.17,-113.66,-12.23,342,192.55,-112.82,-20.44,342,163.39,-85.35,-3.35,342,137.45,-82.08,-4.19,,134KV,34KV,109,5.45,2.18,8,48,46,134KV,34KV,115,5.75,0,5,58,58,134KV,34KV,240,12,6,7,50,50,,135,33,90,4.5,,2,58,48,,140,32.7,184,9.4,10.2,4,46,45,140,35.2,3,0.2,0.3,12,47,46,,141.42,35.53,297.48,14.87,4.57,3,55.8,42.55,ON,ON,ON,ON,ON,ON,ON,ON,,137,32.5,0,0,0,2,34,34,137,34.2,113,5.9,2.3,2,43,43,,O/S,O/S,O/S,O/S,,1,O/S,O/S,136,33,105,5.7,,1,40,38,,129,32,143,7,2,3,48,48,129,32,343,16.8,5,5,49,49,,335,200,113,73,343,48,1.3,143,58,45,41,10,58,12.3,143,124,53,45,8,TS,TS,TS,TS,40,40,5,,,,,,2.3,1,43,36,35,DEFECTIVE,5,,14,5.2,244,36,44,45,6,,TS,TS,TS,TS,44,49,4
05:00:00 AM,,50.21,339,135,70,15.4,,6,48,47,139,79,19.5,,6,54,48,343.1,185.8,113.2,,376.2,112.6,65.7,,342.9,349.4,227.2,,342.9,392.8,206.6,,348.3,403.5,253.2,,340.9,428.5,240.7,,135,70,15.4,,139,79,19.5,,135,,,,,,33,234,2.6,,22,85,59,,345,146,224,11.2,,6,57,55,345,355,205,36,338,370,206,34,346,264,154,6,337,271,151,7,352,136,90,8,335,278,138,10,338,269,170,72,343,228,118,60,327,238,120,48,146,35,224,11.2,,7,62,54,,344,141,33.34,18.91,4.78,8,37,39.7,,,,,,,,,,342,137,84,3.5,,9,46,48,,117,5.2,,9,46,48,342,235,137.6,-0.9,341,0,0,0,341,238,138,-0.8,339,0,0,0,340,220,126.7,,342,200,127.3,7.3,137,117,18.1,,137,,,,,340,355.21,222.46,18.43,339,378.37,220.11,20.86,339,207.94,-117.51,-21.44,339,189.92,-117.01,-27.97,340,166.91,-105.37,6.87,339,181.12,-104.61,5.28,,134KV,34KV,81,4.05,1.62,8,48,48,134KV,34KV,117,5.85,2.34,5,58,58,134KV,34KV,148,7.4,3.7,7,54,54,,135,33,88,4.4,,2,58,48,,140,32.7,184,9.4,10.2,4,46,45,140,35.2,3,0.2,0.3,12,47,46,,141.28,35.37,335.56,16.77,5.87,3,53.58,41.56,ON,ON,ON,ON,ON,ON,ON,ON,,137,32.5,0,0,0,2,34,34,137,34.1,115,6,2.2,2,43,43,,O/S,O/S,O/S,O/S,,1,O/S,O/S,136,33,142,7.8,,1,40,38,,132,33,178,8.7,2,3,48,48,132,33,296,14.5,5,5,49,49,,335,183,104,73,343,48,3.6,144,53,44,42,10,59,0,143,136,54,45,8,TS,TS,TS,TS,40,40,5,,,,,,3,1,60,37,36,DEFECTIVE,5,,7.4,3.4,131,36,44,45,6,,TS,TS,TS,TS,44,49,4
06:00:00 AM,,50,341,134,64,14.2,,6,48,47,139,86,18.4,,6,54,48,341.5,201.2,121.8,,374.2,125,75.2,,340.6,384.3,212.1,,340.9,379.4,193.7,,346.5,396.2,243.5,,339.4,415.7,230.9,,134,64,14.2,,139,86,18.4,,134,,,,,,33,272,3.1,,22,85,59,,345,147,260,13,,6,57,55,345,347,205,33,337,368,204,30,346,252,144,6,338,259,144,7,351,140,93,7,355,285,141,8,338,278,173,78,340,210,108,57,327,216,109,47,147,35,260,13,,7,62,54,,343,141,41.28,23.3,6.12,8,38,39.8,,,,,,,,,,342,137,86,3.6,,9,46,48,,103,4.6,,9,46,48,342,235,137.6,-1.2,341,0,0,0,341,237,138,-1,340,0,0,0,340,220,127,,342,201,127.3,7,137,96,21.91,,137,,,,,341,389.06,241.47,23.37,341,368.43,215.67,27.3,341,220.69,-127.39,-26.13,341,202.37,-126.47,-33,341,176.87,-111.73,0,341,192.41,-110.88,0,,134KV,34KV,98,4.9,1.96,8,48,48,134KV,34KV,124,6.2,2.48,5,58,58,134KV,34KV,161,8.05,4.025,7,55,55,,135,33,94,4.7,,2,58,48,,140,32.5,172,8.6,9.4,4,46,45,140,34.8,3,0.2,0.3,12,47,46,,140.67,35.12,341.84,17.09,7.26,3,57.53,41.56,ON,ON,ON,ON,ON,ON,ON,ON,,136,32.5,0,0,0,2,35,35,136,33.8,126,6.8,2.3,2,43,42,,O/S,O/S,O/S,O/S,,1,O/S,O/S,136,33,154,8.6,,1,40,38,,132,33,194,9.5,2,3,48,48,132,33,320,15.7,5,5,49,49,,338,199,113,73,343,49,0.5,143,64,45,43,10,59,0.5,143,125,53,46,8,TS,TS,TS,TS,40,40,5,,,,,,1.7,0.1,42,37,36,DEFECTIVE,5,,13,4.7,241,35,44,45,6,,TS,TS,TS,TS,44,49,4
07:00:00 AM,,50.34,341,136,105,23.5,,6,48,47,141,88,22.2,,6,54,48,346.7,193.1,119.6,,380.5,113.7,71.5,,346.4,295.7,198.4,,346.6,331.1,181.8,,352.3,372,236.2,,344.6,394,226.1,,136,105,23.5,,141,88,22.2,,136,,,,,,33,115,3.6,,22,81,54,,346,147,293,14.7,,6,57,56,346,357,205,46,338,372,206,42,346,260,148,4,338,267,148,4,352,142,97,6,336,305,151,8,339,300,186,87,342,193,93,56,327,198,95,55,147,35,293,14.7,,7,60,52,,344,141,45.84,26.33,7.97,8,34,38,,,,,,,,,,342,137,71,3,,9,46,48,,100,4.3,,9,46,48,342,234,137.9,-4.4,343,0,0,0,343,236,138,-4,342,0,0,0,342,220,127,,342,202,127.8,1.9,137,96,11.21,,137,,,,,346,365.47,230.33,13.23,346,388.33,229.08,17.59,346,225.43,-131.92,-16.67,346,208.53,-131.5,-24.21,346,159.63,-103.27,2.85,346,172.8,-100.93,0,,134KV,34KV,114,5.7,2.28,8,50,48,134KV,34KV,139,6.95,2.78,5,58,58,134KV,34KV,317,15.85,7.925,7,55,55,,136,33,52,2.6,,2,58,48,,140,32.5,187,9.4,10.3,4,45,44,140,35.1,3,0.2,0.3,12,46,45,,140.96,35.1,453.28,22.66,8.22,3,58.5,42.55,ON,ON,ON,ON,ON,ON,ON,ON,,140,32.5,0,0,0,2,35,35,140,34.8,145,7.8,2.9,2,43,42,,O/S,O/S,O/S,O/S,,1,O/S,O/S,140,34,15,0.7,,1,40,38,,131,33,204,10,2,3,46,46,131,33,333,16.3,5,5,44,45,,343,316,116,72,343,54,6.5,141,96,48,45,10,62,13,139,120,52,45,8,TS,TS,TS,TS,40,40,5,,,,,,8,4.1,140,36,44,DEFECTIVE,5,,8,3.5,145,36,44,45,6,,TS,TS,TS,TS,44,49,4
08:00:00 AM,,50.3,340,135,53,11.6,,6,46,46,140,71,17.3,,6,55,49,344.4,198.1,120.5,,378.8,112.5,74.8,,345.2,307.2,201.4,,344.7,344.1,185.2,,350.1,369.1,236,,342.8,393.4,223.4,,135,53,11.6,,140,71,17.3,,135,,,,,,33,121,4,,22,81,54,,346,146,286,14.3,,6,57,56,346,347,205,33,338,370,205,31,346,270,156,16,338,274,153,8,352,147,98,1,335,303,150,8,338,299,184,93,339,205,102,58,327,211,104,53,146,35,286,14.3,,7,60,52,,343,141,34.78,21.99,3.78,8,34,40.3,,,,,,,,,,342,137,72,3.1,,9,46,48,,100,4.3,,9,46,48,342,341,139.9,-4.5,339,0,0,0,339,241,139.3,-10.2,339,0,0,0,340,221,129,,342,202,127.7,-1.5,137,96,15.41,,137,,,,,341,375.44,284.93,17.09,341,386.57,222.12,26.3,341,225.96,-130.41,-3.94,341,207.79,-130.66,-11.31,341,154.75,-95.48,-15.75,341,168.67,-94.98,-16.5,,134KV,34KV,90,4.5,1.8,8,50,48,134KV,34KV,44,2.2,0.88,5,58,58,134KV,34KV,190,9.5,4.75,7,56,56,,135,33,50,2.5,,2,58,48,,141,33.2,10,0.5,0.5,4,45,44,141,34.8,118,6.3,7,12,46,45,,140.78,35.27,422.8,21.14,6.72,3,60.62,44.22,ON,ON,ON,ON,ON,ON,ON,ON,,137,32.5,0,0,0,2,38,36,137,34.1,104,5.7,2.2,2,43,43,,O/S,O/S,O/S,O/S,,1,O/S,O/S,136,33,129,7,,1,42,40,,130,33,241,11.8,2.1,3,46,46,130,33,343,16.8,5,5,44,45,,345,211,123,73,333,53,8.5,141,94,47,45,10,70,12.7,139,117,50,44,8,TS,TS,TS,TS,40,40,5,,,,,,7.5,2.5,126,36,34,DEFECTIVE,5,,8.9,4,162,36,44,45,6,,TS,TS,TS,TS,44,49,4
09:00:00 AM,,50.42,338,133,31,6.8,,6,46,46,138,75,18.1,,6,55,49,338.4,243.8,146.9,,371.2,155.4,94.2,,SG,,,,339,610.4,331.9,,344.1,374.3,229.1,,336.6,398.4,217.4,,133,31,6.8,,138,75,18.1,,133,,,,,,33,129,4.2,,22,81,54,,344,145,263,13.2,,6,59,58,344,343,204,24,336,369,204,23,344,278,160,12,337,288,158,12,350,153,102,2,334,318,157,4,337,315,191,95,338,176,89,48,325,182,90,41,145,35,263,13.2,,7,60,54,,343,141,38.68,21.86,6.12,8,39,43,,,,,,,,,,341,137,72,3.1,,9,46,48,,97,5.1,,9,46,48,341,341,140,-12,338,0,0,0,339,240,139.3,-11,339,0,0,0,340,224,129.9,,342,204,130.9,-3,137,81,12,,137,,,,,338,378.66,232.01,25.63,338,404.6,229.17,29.57,338,234.29,-134.18,-2.85,338,214.39,-133.93,-10.3,338,159,-97.33,-18.18,338,174.97,-18.68,-18.69,,134KV,34KV,91,4.55,1.82,8,50,48,134KV,34KV,46,2.3,0.92,5,58,58,134KV,34KV,96,4.8,2.4,7,56,56,,135,33,52,2.6,,2,58,48,,140,33.2,10,0.5,0.5,4,42,41,140,34.4,123,6.5,7.2,12,50,48,,140.72,35.69,334.86,16.74,7.19,3,62.64,47.37,ON,ON,ON,ON,ON,ON,ON,ON,,137,32.5,0,0,0,2,40,39,137,34.1,107,5.9,2.3,2,45,45,,O/S,O/S,O/S,O/S,,1,O/S,O/S,137,33,62,3.7,,1,42,40,,132,33,255,12.5,2.1,3,47,47,132,33,296,14.5,5,5,44,46,,344,193,113,73,334,58,9.4,141,101,48,44,10,55,17,140,92,48,44,8,TS,TS,TS,TS,40,40,5,,,,,,2,0,37,36,34,DEFECTIVE,5,,16,6.4,284,36,44,45,6,,TS,TS,TS,TS,44,49,4
10:00:00 AM,,50.26,340,135,32,6.9,,6,46,46,140,58,14.2,,6,55,49,344.2,206.5,125.6,,377.6,141.6,91.3,,SG,,,,344.9,565.7,319.3,,349.9,340.5,212.6,,342.3,364.6,202.7,,135,32,6.9,,140,58,14.2,,135,,,,,,36,22,0.7,,22,81,54,,345,147,194,9.7,,6,60,60,345,332,203,33,337,369,205,30,345,280,160,8,337,291,153,11,351,157,162,10,334,326,161,7,338,317,191,104,340,198,91,59,325,204,92,60,147,35.1,194,9.7,,7,60,55,,343,141,37.94,21.27,6.22,8,36,42.7,,,,,,,,,,343,138,71,3,,9,46,49,,100,4.5,,9,47,49,342,210,123.3,0.4,340,1,0,0,341,212,124,2.3,340,1,0,0,343,198,115.1,,343,195,115.4,8.7,137,93,9.01,,138,,,,,343,3338.8,209.31,20.44,343,360.93,208.64,23.62,343,200.2,-116,-17.51,343,184.64,-115.33,-23.54,343,152.28,-94.4,0,343,166.62,-94.06,-2.76,,134KV,34KV,105,5.25,2.1,8,50,48,134KV,34KV,45,2.25,0.9,5,58,58,134KV,34KV,106,5.3,2.65,7,56,56,,135,33,66,3.3,,2,58,48,,140,33.2,10,0.5,0.5,4,42,41,140,34.4,123,6.5,7.2,12,50,48,,140.83,35.13,331.2,16.56,7.31,3,61.77,47.37,ON,ON,ON,ON,ON,ON,ON,ON,,137,32.3,0,0,0,2,42,42,137,34.5,108,5.7,2.3,2,47,47,,O/S,O/S,O/S,O/S,,1,O/S,O/S,136,33,115,6.2,,1,42,40,,134,32,171,8.4,4.1,3,47,47,134,33,296,14.5,5,5,44,46,,345,189,111,74,334,51,7,141,88,47,45,10,60,14,139,101,49,45,8,TS,TS,TS,TS,40,40,5,,,,,,5,1,87,36,34,DEFECTIVE,5,,15,6,262,36,44,45,6,,TS,TS,TS,TS,44,49,4
11:00:00 AM,,50.15,339,135,60,13.3,,6,52,51,139,60,14.8,,6,54,49,343.4,204.3,124.1,,376.3,126.6,82.5,,SG,,,,343.2,570.1,320.9,,349.2,333.7,204.9,,341.5,356.3,195.9,,135,60,13.3,,139,60,14.8,,135,,,,,,36,21,0.7,,22,81,54,,344,146,225,11.3,,6,64,65,344,281,166,22,337,302,168,40,345,282,162,14,337,283,161,13,351,146,98,2,334,302,150,7,338,312,182,113,339,165,70,51,326,172,72,58,146,35.2,225,11.3,,7,60,54,,343,141,37.65,21.27,6.32,8,39,44,,,,,,,,,,342,137,71,3.1,,9,48,51,,101,4.5,,9,49,51,341,237,139.2,-0.9,339,1,0,0,340,237,138.3,0.7,339,1,0,0,342,225,130.6,,343,221,130.7,10.8,137,90,9.31,,137,,,,,342,330.15,202.41,25.71,342,348.4,201.77,30.07,342,228.75,-131.08,-16.58,342,210.14,-130.91,-23.12,342,116.79,-72.37,-7.87,342,128.61,-71.61,-9.63,,134KV,34KV,125,6.25,2.5,8,50,48,134KV,34KV,135,6.75,2.7,5,58,58,134KV,34KV,107,5.35,2.675,7,56,56,,135,33,68,3.4,,2,58,48,,141,33.6,12,0.6,0.6,4,42,41,140,34.8,121,6.4,7.2,12,50,48,,140.68,35.12,325.26,16.26,7.42,3,61.77,49.14,ON,ON,ON,ON,ON,ON,ON,ON,,137,32.5,0,0,0,2,46,45,137,34.5,109,5.7,2.4,2,50,50,,O/S,O/S,O/S,O/S,,1,O/S,O/S,136,33,100,5.4,,1,42,40,,134,32,228,11.2,4.1,3,47,47,134,33,228,11.2,5,5,44,46,,346,184,109,74,333,49,5,141,84,48,45,10,60,13,139,100,49,46,8,TS,TS,TS,TS,40,40,5,,,,,,4,7,83,36,34,DEFECTIVE,5,,13,5.4,240,36,44,45,6,,TS,TS,TS,TS,44,49,4
12:00:00 PM,,50.29,341,136,35,7.5,,6,52,51,141,60,14.8,,6,54,52,346.7,181.1,108.8,,380.3,139.4,74.6,,SG,,,,346.1,588.7,330.4,,352.6,321.6,202.2,,345.2,339.5,192.8,,136,35,7.5,,141,60,14.8,,136,,,,,,36,24,0.8,,22,85,66,,345,146,233,11.7,,6,66,68,345,283,167,27,337,305,169,25,345,288,164,10,337,295,164,10,351,154,103,4,334,313,155,8,338,312,184,110,341,170,63,54,327,179,68,69,146,35.4,233,11.7,,7,58,57,,344,141,32.05,18.25,4.95,8,40,49,,,,,,,,,,346,139,91,3.9,,9,50,51,,101,4.5,,9,50,51,344,236,139,-10.3,342,1,0,0,343,236,138.2,-9.9,342,1,0,0,346,220,128.6,,346,217,129.4,9.6,139,100,11.71,,139,,,,,345,325.76,204.12,7.71,345,345.39,202.19,9.97,345,222.59,-130.33,-5.7,345,205.45,-130.24,-13.9,345,117.82,-73.79,0,345,130.57,-72.87,0,,134KV,34KV,121,6.05,2.42,8,50,48,134KV,34KV,49,2.45,0.98,5,58,58,134KV,34KV,110,5.5,2.75,7,56,56,,136,33,124,6.2,,2,58,48,,143,33.8,12,0.6,0.6,4,44,42,143,35.2,121,6.4,7.2,12,52,50,,141.04,35.31,342.42,17.12,6.1,3,61.77,45.61,ON,ON,ON,ON,ON,ON,ON,ON,,138,32.6,0,0,0,2,48,46,138,34,102,5.5,2.4,2,54,53,,O/S,O/S,O/S,O/S,,1,O/S,O/S,137,33,100,5.5,,1,46,44,,138,34,228,11.2,4.1,3,51,51,138,34,243,11.9,5,5,49,50,,346,178,105,74,335,43,2,142,75,49,47,10,59,11,140,103,51,48,8,TS,TS,TS,TS,40,40,5,,,,,,4,1,73,36,34,DEFECTIVE,5,,14.2,6.2,255,36,44,45,6,,TS,TS,TS,TS,44,49,4
01:00:00 PM,,49.97,341,136,61,13.5,,6,52,51,140,60,14.8,,6,54,52,345.5,180.8,106.6,,378.7,132.3,69.3,,SG,,,,345.2,623.7,345.7,,351.6,329.3,206.6,,343.8,350.4,196.4,,136,61,13.5,,140,60,14.8,,136,,,,,,36,23,0.8,,22,85,66,,344,146,166,8.3,,6,72,74,344,282,167,22,337,304,168,20,345,278,160,12,337,291,159,12,351,147,99,5,334,310,152,10,338,318,180,116,341,168,66,54,327,177,71,64,146,35.4,166,8.3,,7,57,55,,343,141,32.41,17.7,5.31,8,46,46,,,,,,,,,,344,138,71,3,,9,52,53,,105,4.6,,9,52,53,343,237,139,-11.2,342,1,0,0,342,237,138.4,-10,342,1,0,0,344,229,133,,344,225,133.5,1.3,138,79,10,,138,,,,,345,313.47,196.49,4.44,345,333.09,196.16,7.62,345,222.89,-130.83,-7.12,345,205.01,-131.16,-14.91,345,109.9,-68.35,3.27,345,123.68,-68.01,0,,134KV,34KV,127,6.35,2.54,8,50,48,134KV,34KV,157,7.85,3.14,5,58,58,134KV,34KV,108,5.4,2.7,7,56,56,,136,33,16,0.8,,2,58,48,,142,33.7,24,1.2,1.3,4,44,42,142,34.8,108,5.6,6.3,12,52,50,,140.97,35.34,335.77,16.78,5.98,3,62.64,48.24,ON,ON,ON,ON,ON,ON,ON,ON,,139,32.7,0,0,0,2,49,47,139,34.9,105,5.5,2.5,2,55,54,,O/S,O/S,O/S,O/S,,1,O/S,O/S,138,34,62,3.6,,1,46,44,,134,34,39,1.9,0.2,3,51,51,134,34,251,12.3,5,5,49,50,,346,190,114,74,335,47,5,142,82,51,49,10,67,15,140,108,53,50,8,TS,TS,TS,TS,40,40,5,,,,,,4,2,75,36,34,DEFECTIVE,5,,15,6.2,261,36,44,45,6,,TS,TS,TS,TS,44,49,4
02:00:00 PM,,50.44,347,136,98,21.4,,6,52,51,141,59,14.6,,6,54,52,347.9,216.3,132.3,,381.9,175.9,108.1,,SG,,,,347.9,583.1,336.5,,354.2,443.6,283.7,,346.6,473.4,272.9,,136,98,21.4,,141,59,14.6,,136,,,,,,36,22,0.7,,22,85,66,,349,150,56,2.8,,6,72,74,349,290,168,42,341,300,168,41,349,270,160,6,341,290,160,7,355,101,66,12,338,199,102,15,342,213,142,55,345,287,153,75,330,294,155,55,150,35.8,56,2.8,,7,57,55,,346,142,35.51,20.05,5.84,8,46,50.6,,,,,,,,,,346,139,73,3.3,,9,53,54,,100,4.5,,9,53,54,345,226,131.1,-9,344,1,0,0,345,214,125.5,-8,344,1,0,0,346,220,128.2,,346,215,128.5,-1.7,139,110,19.21,,139,,,,,346,430.15,272.47,3.52,346,457.38,270.7,6.95,346,192.11,-113.74,-8.21,346,177.17,-114.41,-14.83,346,248.68,-159.97,7.87,346,249.24,-159.89,7.62,,134KV,34KV,118,5.9,2.36,8,50,48,134KV,34KV,307,15.35,6.14,5,58,58,134KV,34KV,116,5.8,2.9,7,56,56,,136,33,88,4.4,,2,58,48,,144,34.2,35,1.8,2,4,44,42,144,35,100,5.3,6,12,52,50,,142.63,35.68,311.1,15.55,5.76,3,58.4,45.61,ON,ON,ON,ON,ON,ON,ON,ON,,138,32.5,0,0,0,2,49,48,138,34.6,164,8.9,3.6,2,55,54,,O/S,O/S,O/S,O/S,,1,O/S,O/S,137,33,102,5.8,,1,46,44,,140,34,45,2.2,1.1,3,51,51,140,35,212,10.4,5,5,49,50,,350,184,110,76,339,46,3,144,77,52,50,10,64,15,141,107,54,50,8,TS,TS,TS,TS,40,40,5,,,,,,4,4,78,36,34,DEFECTIVE,5,,17.4,7,309,36,44,45,6,,TS,TS,TS,TS,44,49,4
03:00:00 PM,,50.31,344,136,98,21.3,,6,52,51,141,60,14.9,,6,54,52,374.7,154.3,104.2,,381.6,130.9,71.1,,SG,,,,344.9,530.5,299.2,,351.1,340.3,214.3,,344.4,364.6,208.3,,136,98,21.3,,141,60,14.9,,136,,,,,,36,21,0.7,,22,85,66,,347,149,O/S,O/S,,6,72,74,347,290,167,29,339,305,169,28,346,270,176,4,339,275,154,16,353,146,98,1,336,300,148,3,340,287,177,97,342,175,72,55,328,186,80,65,149,35.8,O/S,O/S,,7,57,55,,344,142,36.45,21.37,6.37,8,47,51.3,,,,,,,,,,343,137,88,3.8,,9,55,55,,99,4.3,,9,56,55,345,234,138.1,-9.8,343,1,0,0,344,236,138.7,-4.6,343,1,0,0,343,193,113.1,,343,208,113.7,-0.5,137,95,22.21,,137,,,,,343,334.26,207.89,10.47,343,359.46,208.31,15.58,343,192.7,-112.82,-7.04,343,178.34,-113.57,-13.32,343,157.89,-92.38,0,343,155.33,-87.45,0,,134KV,34KV,135,6.75,2.7,8,50,48,134KV,34KV,302,15.1,6.04,5,58,58,134KV,34KV,112,5.6,2.8,7,56,56,,136,33,94,4.7,,2,72,52,,144,33.7,22,1.1,1.2,4,45,43,144,34.8,99,5.2,5.8,12,52,50,,140.82,35.24,426.24,21.31,7.76,3,62.64,45.61,ON,ON,ON,ON,ON,ON,ON,ON,,136,32.3,0,0,0,2,49,48,136,34.1,174,9.5,3.7,2,55,54,,O/S,O/S,O/S,O/S,,1,O/S,O/S,136,33,109,6.1,,1,46,44,,134,34,192,9.2,1.5,3,57,57,134,34,247,12.1,5,5,52,54,,345,204,121,74,336,47,4,142,81,52,51,10,74,15,140,123,55,51,8,TS,TS,TS,TS,40,40,5,,,,,,10,3,180,36,34,DEFECTIVE,5,,10,4,182,36,44,45,6,,TS,TS,TS,TS,44,49,4
04:00:00 PM,,50.23,342,135,90,19.7,,6,52,51,141,40,7.9,,6,54,52,347,199.6,121.1,,379.9,143.4,83.5,,SG,,,,347.9,502.5,289.3,,354.3,305.2,193.5,,346,327,185,,135,90,19.7,,141,40,7.9,,135,,,,,,0,0,0,,22,85,66,,345,148,99,5,,6,72,74,345,287,166,15,337,303,168,11,343,276,188,6,339,268,169,7,352,154,103,7,336,327,161,14,338,307,175,109,340,169,65,54,327,176,67,66,148,35.2,99,5,,7,56,54,,344,141,38.58,21.68,6.49,8,47,51.2,,,,,,,,,,345,138,73,3.1,,9,56,56,,116,4.9,,9,56,56,343,238,139.2,-11.3,341,1,0,0,342,238,139.6,-7,341,1,0,0,345,222,130,,345,237,130.3,1,138,94,15.61,,138,,,,,345,309.52,195.66,7.2,345,330.59,193.9,10.64,345,218.78,-128.23,-7.71,345,202.66,-129.91,-14.66,345,108.88,-68.93,3.77,345,121.02,-68.18,0,,134KV,34KV,123,6.15,2.46,8,50,48,134KV,34KV,193,9.65,3.86,5,58,58,134KV,34KV,94,4.7,2.35,7,56,56,,136,33,72,3.6,,2,72,52,,145,33.8,14,0.6,0.8,4,45,44,145,34.8,99,5.2,5.8,12,51,51,,140.55,35.16,426.38,21.32,7.65,3,62.64,45.61,ON,ON,ON,ON,ON,ON,ON,ON,,138,32.4,0,0,0,2,49,48,138,34.2,176,9.4,3.9,2,56,54,,O/S,O/S,O/S,O/S,,1,O/S,O/S,137,33,48,2.5,,1,46,44,,134,34,220,10.8,1.5,3,57,57,134,34,243,11.9,5,5,52,54,,346,193,109,74,335,45,2,142,80,52,51,10,64,13,139,113,55,56,8,TS,TS,TS,TS,40,40,5,,,,,,8,4,150,36,34,DEFECTIVE,5,,9,4,163,36,44,45,6,,TS,TS,TS,TS,44,49,4
05:00:00 PM,,50.4,341,137,41,8.7,,6,52,51,141,86,20.2,,6,54,52,347.1,202.6,122.1,,300.6,154.1,91.3,,SG,,,,346.6,535.2,307.4,,352.9,336.9,213.2,,345.1,359.6,204.3,,137,41,8.7,,141,86,20.2,,137,,,,,,34,504,5.6,,22,85,66,,345,145,350,17.5,,6,74,70,345,345,348,26,337,373,206,24,342,286,164,12,337,294,162,13,351,165,110,6,334,340,168,11,338,321,189,111,340,192,83,59,326,202,86,65,145,35,350,17.5,,7,64,56,,344,142,38.58,20.96,5.55,8,47,50.7,,,,,,,,,,343,138,70,3,,9,56,56,,113,4.8,,9,56,55,344,235,138.3,-11.2,342,1,0,0,342,236,138.6,-7.3,342,1,0,0,343,218,126.9,,343,215,127.6,-1,138,115,20.9,,138,,,,,344,342.71,212.91,3.18,344,359.32,211.98,6.7,344,216.59,-127.06,-5.19,344,199.4,-127.23,-12.31,344,133.79,-83.92,6.37,344,145.95,-82,5.11,,134KV,34KV,112,5.6,2.24,8,50,48,134KV,34KV,212,10.6,4.24,5,58,58,134KV,34KV,90,4.5,2.25,7,56,56,,136,33,148,7.4,,2,72,52,,141,33.2,143,6.9,7.9,4,45,44,141,35.3,4,0.2,0.3,12,51,51,,140.78,35.09,473.18,23.65,8.13,3,63.54,44.33,ON,ON,ON,ON,ON,ON,ON,ON,,137,32.2,0,0,0,2,49,48,137,34.2,116,6.8,2.6,2,56,54,,O/S,O/S,O/S,O/S,,1,O/S,O/S,137,33,122,6.6,,1,46,44,,139,34,137,6.7,1.5,3,57,57,139,34,153,7.5,5,5,52,54,,348,172,100,75,335,35,1.1,143,60,52,51,10,65,14,141,112,55,50,8,TS,TS,TS,TS,40,40,5,,,,,,7,7,134,36,34,DEFECTIVE,5,,8,4,150,36,44,45,6,,TS,TS,TS,TS,44,49,4
06:00:00 PM,,50.28,340,136,37,7.9,,6,53,52,140,76,19.1,,6,56,52,344.8,179.7,91.2,,378,129.6,65.1,,344.3,362.8,235.6,,344,399.2,215.7,,349.7,363.6,232.1,,342.1,391.6,220.7,,136,37,7.9,,140,76,19.1,,136,,,,,,32,477,6.9,,22,91,63,,344,145,156,7.8,,6,66,70,344,354,205,20,337,370,206,17,342,280,160,12,337,288,162,14,350,159,106,2,334,328,162,11,337,321,186,116,340,196,94,58,326,207,96,58,145,35.3,156,7.8,,7,60,55,,343,141,31.09,21.34,5.82,8,46,50.4,,,,,,,,,,343,137,72,3,,9,54,56,,113,4.8,,9,55,56,342,238,138.3,-11.5,340,0,0,0,341,238,138.5,-5.2,340,0,0,0,343,222,129,,343,236,130,2.1,137,100,16.91,,137,,,,,341,377.19,232.76,18.76,341,399.17,231.09,21.19,341,222.77,-129.66,-4.94,341,205.89,-129.57,-13.74,341,172.21,-107.71,-3.43,341,185.86,-106.46,-4.61,,134KV,34KV,103,5.15,2.06,8,50,48,134KV,34KV,80,4,1.6,5,58,58,134KV,34KV,84,4.2,2.1,7,56,56,,135,33,78,3.9,,2,72,52,,141,33,140,6.8,7.8,4,45,44,141,35.3,4,0.2,0.3,12,50,48,,140.82,35.2,375.42,18.77,8.12,3,54.03,44.33,ON,ON,ON,ON,ON,ON,ON,ON,,137,32.2,0,0,0,2,49,47,137,34,120,6.5,2.4,2,53,52,,O/S,O/S,O/S,O/S,,1,O/S,O/S,135,32,119,6.4,,1,50,48,,138,33,216,7.4,2,3,53,53,138,33,151,7.4,5,5,51,54,,347,175,103,74,338,44,2,143,75,52,50,10,59,18,141,100,54,50,8,TS,TS,TS,TS,40,40,5,,,,,,1,1,19,36,34,DEFECTIVE,5,,14,6,244,36,44,45,6,,TS,TS,TS,TS,44,49,4
07:00:00 PM,,50.25,340,136,80,17.6,,6,53,52,140,75,19.1,,6,56,52,345.1,205.7,121.9,,378.6,149.4,84.8,,345.1,326.2,215.9,,345.1,365.2,198.9,,351,368.3,233.5,,343.5,391.9,222.7,,136,80,17.6,,140,75,19.1,,136,,,,,,32,427,7.1,,22,91,63,,346,147,105,5.3,,6,58,57,346,345,205,28,338,363,205,27,342,280,160,10,337,280,160,10,351,156,104,5,335,318,158,3,338,317,186,108,340,203,97,56,324,205,96,59,147,36,105,5.3,,7,56,54,,343,141,27.22,15.45,3.16,8,44,49,,,,,,,,,,344,138,70,2.9,,9,53,56,,121,5.3,,9,54,56,344,235,138.2,-11.9,345,0,0,0,343,236,138.7,-5.7,344,0,0,0,343,228,132,,344,208,132.9,3.3,138,80,13.51,,138,,,,,343,369.96,230.33,11.89,343,389.36,227.9,16.17,343,228.75,-132.34,-8.88,343,209.26,-132.67,-16.17,343,152.45,-96.66,0,343,165.91,-95.82,0,,134KV,34KV,114,5.7,2.28,8,62,59,134KV,34KV,130,6.5,2.6,5,60,60,134KV,34KV,177,8.85,4.425,7,58,58,,135,33,70,3.5,,2,72,52,,141,33.2,141,6.8,7.8,4,44,42,141,35.3,4,0.2,0.3,12,50,48,,141.32,35.64,256.86,12.84,7,3,52.27,49.14,ON,ON,ON,ON,ON,ON,ON,ON,,138,33,0,0,0,2,46,45,138,34.7,114,6.3,2.4,2,53,52,,O/S,O/S,O/S,O/S,,1,O/S,O/S,138,34,68,3.8,,1,50,48,,136,33,265,13,4,3,53,53,136,35,146,7.2,5,5,51,54,,346,203,111,73,337,49,4,142,91,52,50,10,62,11.8,139,112,54,50,8,TS,TS,TS,TS,40,38,5,,,,,,4.5,2,77,36,38,DEFECTIVE,5,,16.2,6.4,294,36,50,48,6,,TS,TS,TS,TS,48,46,4
08:00:00 PM,,50.15,341,136,73,16.1,,6,53,52,141,64,15.9,,6,56,52,346.6,228.8,138.5,,379.4,163.6,99.6,,346.5,312.2,207.3,,345.8,347.1,187.9,,352.1,363.4,232.2,,344.7,386.1,220.4,,136,73,16.1,,141,64,15.9,,136,,,,,,0,0,0,,22,91,63,,346,147,107,5.4,,6,58,57,346,353,205,31,338,370,206,29,345,274,158,12,338,280,157,9,352,156,105,8,335,319,159,6,338,319,189,110,341,198,91,59,327,207,93,63,147,36,107,5.4,,7,56,54,,344,141,35.41,20.52,3.43,8,44,44,,,,,,,,,,344,139,71,3,,9,52,55,,122,5.3,,9,53,55,344,236,138.3,-8.9,343,0,0,0,342,237,138.8,-4.9,344,0,0,0,342,229,133,,344,209,133.8,4.2,139,79,8.41,,139,,,,,344,367.67,230.75,11.47,344,388.48,226.98,15.5,344,229.04,-133.68,-10.22,344,210.28,-133.43,-17.84,344,150.06,-95.23,0,344,164.12,-94.48,0,,134KV,34KV,112,5.6,2.24,8,59,55,134KV,34KV,130,6.5,2.6,5,62,62,134KV,34KV,190,9.5,4.75,7,60,60,,135,33,36,1.8,,2,72,52,,141,33.2,183,9.3,10.4,4,44,42,141,35.4,4,0.1,0.2,12,48,46,,141.1,35.49,392.78,19.63,2.55,3,47.18,47.37,ON,ON,ON,ON,ON,ON,ON,ON,,140,33,0,0,0,2,43,43,140,34.8,122,6.6,2.5,2,52,52,,O/S,O/S,O/S,O/S,,1,O/S,O/S,140,34,DS,DS,,1,50,48,,134,34,261,12.8,4,3,53,53,134,34,208,10.2,5,5,51,54,,345,207,113,74,336,53,5.9,142,98,52,49,10,60,13.1,139,109,54,50,8,TS,TS,TS,TS,40,38,5,,,,,,4.7,2,80,36,38,DEFECTIVE,5,,16.5,5.7,294,36,49,48,6,,TS,TS,TS,TS,48,46,4
09:00:00 PM,,50.29,342,136,52,11.1,,6,53,52,141,74,18.8,,6,56,52,347.1,208.4,122.6,,380.5,166.5,100.9,,347.7,306.2,205.8,,347.2,342.1,187.2,,353.4,341.8,219.4,,346.1,362.6,209.3,,136,52,11.1,,141,74,18.8,,136,,,,,,0,0,0,,22,91,63,,345,147,199,9.95,,6,56,56,345,346,204,31,338,370,206,30,345,270,156,8,338,278,155,9,351,154,103,5,335,321,158,3,338,317,189,106,339,198,91,59,327,206,93,62,147,36,199,9.95,,7,55,53,,344,141,28.33,16.42,2.38,8,44,48,,,,,,,,,,345,139,71,3,,9,52,55,,121,5.3,,9,52,55,345,236,138.2,-8.3,344,0,0,0,343,237,138.5,-5.2,343,0,0,0,343,221,128.6,,345,202,129.3,1.9,139,100,17.11,,139,,,,,345,350.35,222.71,8.12,345,374.02,219.44,10.72,345,219.81,-128.57,-9.3,345,201.05,-128.4,-15.91,345,146.1,-92.89,4.44,345,161.19,-92.47,0,,134KV,34KV,152,7.6,3.04,8,57,53,134KV,34KV,125,6.25,2.5,5,60,60,134KV,34KV,93,4.65,2.325,7,60,60,,135,33,92,4.6,,2,70,50,,140,33,189,9.8,10.5,4,43,41,140,35.1,4,0.1,0.2,12,48,46,,141.2,35.62,372.2,18.61,4.65,3,50.33,46.47,ON,ON,ON,ON,ON,ON,ON,ON,,138,32.5,0,0,0,2,42,41,138,34.5,119,6.4,2.2,2,49,48,,O/S,O/S,O/S,O/S,,1,O/S,O/S,137,33,110,6.2,,1,50,48,,130,33,228,11.2,3.8,3,51,52,130,33,316,15.5,5,5,50,52,,344,224,117,73,335,57,9.3,141,110,52,49,10,60,13.9,139,114,53,49,8,TS,TS,TS,TS,40,38,5,,,,,,4.4,2,74,36,36,DEFECTIVE,5,,16.7,5.3,297,36,50,48,6,,TS,TS,TS,TS,48,46,4
10:00:00 PM,,50.19,341,136,70,15.4,,6,53,52,140,98,24.7,,6,56,52,346.1,225.1,132.5,,379.2,176.8,99.3,,346.5,298.8,199.7,,345.9,333.8,181.1,,352.4,353.1,224.9,,344.7,384.6,217.2,,136,70,15.4,,140,98,24.7,,136,,,,,,0,0,0,,22,85,59,,345,147,238,11.9,,6,64,63,345,345,204,26,338,368,202,24,345,260,148,4,337,266,148,4,351,149,100,2,334,301,149,2,338,307,182,101,339,193,91,57,327,202,91,58,147,35.2,238,11.9,,7,56,50,,343,141,37.76,21.01,5.6,8,44,45.1,,,,,,,,,,344,138,72,3,,9,50,53,,121,5.3,,9,53,51,344,240,138.3,-19.2,341,0,0,0,340,239,138,-13.6,340,0,0,0,339,221,128.2,,344,202,130,1.9,138,111,14.7,,138,,,,,343,345.6,221.37,10.89,343,376.24,219.95,15.41,343,224.21,-129.57,-8.54,343,204.72,-129.57,-16.25,343,146.15,-93.97,0,343,160.9,-93.31,-3.02,,134KV,34KV,174,8.7,3.48,8,57,53,134KV,34KV,122,6.1,2.44,5,55,55,134KV,34KV,177,8.85,4.425,7,58,58,,135,33,126,6.3,,2,70,58,,140,32.9,174,8.7,9.8,4,43,41,140,35.1,4,0.1,0.2,12,48,46,,140.47,35.11,428.94,21.44,3.53,3,48.11,43.39,ON,ON,ON,ON,ON,ON,ON,ON,,138,32.5,0,0,0,2,42,42,138,34.6,113,5.9,2.1,2,46,46,,O/S,O/S,O/S,O/S,,1,O/S,O/S,137,33,61,3.5,,1,50,48,,128,32,212,10.4,3,3,51,52,128,33,346,17,5,5,50,52,,341,242,122,72,334,57,10.8,139,113,51,48,10,65,10.6,137,130,54,49,8,TS,TS,TS,TS,40,38,5,,,,,,8.8,2,158,36,35,DEFECTIVE,5,,16.2,5.2,296,36,49,48,6,,TS,TS,TS,TS,48,46,4
11:00:00 PM,,50.18,340,136,92,20.1,,6,52,51,140,78,19.5,,6,56,50,345.4,222.7,132.2,,378.8,175.1,99.9,,345.5,290.3,192.4,,345.2,324.3,174.8,,351.3,344.8,218.6,,343.4,366.5,210.7,,136,92,20.1,,140,78,19.5,,136,,,,,,0,0,0,,22,85,59,,344,146,226,11.3,,6,64,63,344,351,203,20,337,367,204,18,343,262,148,4,337,266,148,6,350,156,105,2,334,318,157,4,337,319,187,111,340,181,82,55,326,190,84,59,146,35.2,226,11.3,,7,56,50,,342,141,36.18,20.61,5.19,8,42,46.3,,,,,,,,,,343,138,89,3.7,,9,50,52,,122,5.3,,9,50,52,343,240,138.5,-19.5,341,0,0,0,340,240,138.2,-16.1,340,0,0,0,339,228,131,,343,208,132.5,-8,138,84,10.81,,138,,,,,343,346.71,218.1,3.18,343,367.08,215.59,8.04,343,225.53,-131.5,0,343,206.91,-132.34,-5.19,343,132.91,-84.34,0,343,134.38,-85.1,0,,134KV,34KV,168,8.4,3.36,8,57,53,134KV,34KV,215,10.75,4.3,5,55,55,134KV,34KV,174,8.7,4.35,7,56,56,,135,33,94,4.7,,2,70,50,,140,32.7,204,10.2,11.2,4,43,41,140,35.1,4,0.1,0.2,12,48,46,,140.42,35.17,417.26,20.86,6.73,3,48.95,45.61,ON,ON,ON,ON,ON,ON,ON,ON,,139,32.8,0,0,0,2,41,41,139,34.7,109,5.3,2,2,45,45,,O/S,O/S,O/S,O/S,,1,O/S,O/S,138,34,4,0.2,,1,50,48,,128,32,197,9.7,3,3,51,52,128,33,297,14.6,5,5,50,52,,340,242,122,71,334,60,12.2,139,118,51,48,10,63,11.5,137,124,53,48,8,TS,TS,TS,TS,40,38,5,,,,,,10.7,3,188,36,35,DEFECTIVE,5,,18.5,5.8,329,36,48,47,6,,TS,TS,TS,TS,48,46,4
24OO,,50.42,341,136,86,18.8,,6,52,50,140,75,18.7,,6,56,50,346.4,242.2,142.3,,380.1,211.5,124.4,,347.1,296.4,197.2,,346.3,331.5,179.4,,352.7,305.7,195.2,,344.5,328.9,189.7,,136,86,18.8,,140,75,18.7,,136,,,,,,0,0,0,,22,85,59,,344,146,226,11.3,,6,63,61,344,351,203,21,337,368,205,19,343,256,146,2,337,260,145,4,351,164,109,2,334,339,167,4,337,331,196,111,339,164,65,51,326,172,69,63,146,35,226,11.3,,7,58,52,,342,141,36.03,20.61,4.72,8,41,46.5,,,,,,,,,,343,138,54,2.3,,9,48,51,,124,5.4,,9,49,51,343,240,138.6,-20.1,342,0,0,0,340,239,138,-16.1,340,0,0,0,340,225,130,,343,205,131.3,-8.7,138,89,12.5,,138,,,,,344,315.94,198.76,0,344,355.55,196.58,5.61,344,222.62,-130.82,0,344,205.28,-130.42,-6.95,344,103.6,-66.75,0,344,111.81,-65,-3.02,,134KV,34KV,163,8.15,3.26,8,55,52,134KV,34KV,196,9.8,3.92,5,55,55,134KV,34KV,168,8.4,4.2,7,56,56,,135,33,150,7.5,,2,70,50,,140,32.9,189,9.5,10.5,4,43,41,140,34.9,4,0.1,0.2,12,46,45,,140.42,35.18,422.6,21.13,6.16,3,48.95,46.47,ON,ON,ON,ON,ON,ON,ON,ON,,139,33,0,0,0,2,40,40,139,34.8,94,4.8,1.9,2,44,44,,O/S,O/S,O/S,O/S,,1,O/S,O/S,138,34,4,0.2,,1,50,48,,128,32,259,12.7,3.8,3,51,52,128,32,277,13.6,5,5,50,52,,340,269,122,70,335,57,14.2,138,128,51,47,10,65,12,137,141,53,48,8,TS,TS,TS,TS,40,38,5,,,,,,10,3,172,36,35,DEFECTIVE,5,,21.6,6.8,387,36,47,46,6,,TS,TS,TS,TS,48,46,4
,,,,,,,,,,,,,,,,,,,,,,,,,,,,,,,,,,,,,,,,,,,,,,,,,,,,,,,,,,,,,,,,,,,,,,,,,,,,,,,,,,,,,,,,,,,,,,,,,,,,,,,,,,,,,,,,,,,,,,,,,,,,,,,,,,,,,,,,,,,,,,,,,,,,,,,,,,,,,,,,,,,,,,,,,,,,,,,,,,,,,,,,,,,,,,,,,,,,,,,,,,,,,,,,,,,,,,,,,,,,,,,,,,,,,,,,,,,,,,,,,,,,,,,,,,,,,,,,,,,,,,,,,,,,,,,,,ON,,,,,,,,,,,,,,,,,,,,,,,,,,,,,,,,,,,,,,,,,,,,,,,,,,,,,,,,,,,,,,,,,,,,,,,,,,,,,,,,,,,,,,,,,,,,,,,,,,,,,,,,,,
,MIN,49.97,338,133,31,6.8,0,6,46,46,138,40,7.9,0,6,54,48,338.4,154.3,,0,300.6,106.7,,0,340.6,275.4,,0,339,309.6,,0,344.1,305.2,,0,336.6,327,,0,133,31,,0,138,40,,0,133,,,,0,,,,,,,81,54,0,344,145,56,2.8,0,6,56,54,344,281,,15,336,300,,11,342,252,,2,337,256,,4,350,101,,1,334,199,,2,337,213,,55,338,164,,48,324,172,,41,145,,56,2.8,,7,55,50,5,342,141,27.22,15.45,2.38,8,34,38,0,0,,0,0,0,,0,0,341,137,54,2.3,0,9,46,48,0,97,4.3,0,9,46,48,341,210,,-20.1,338,0,,,,,,,,,,0,339,193,,0,342,,,,,,,,,0,,0,0,338,298.36,,0,338,316.09,,5.61,338,192.11,,-26.13,338,177.17,,-33,338,103.6,,-18.18,338,111.81,,-18.69,0,0,0,81,4.05,,8,48,46,0,0,39,1.95,,5,55,55,0,0,84,4.2,,7,48,48,0,135,33,16,0.8,,2,58,48,0,140,32.3,10,0.5,,4,42,41,140,33.8,3,0.1,,12,46,45,0,140.42,35.09,256.86,12.84,2.55,3,47.18,41.56,0,0,0,0,,0,0,0,0,136,32.2,0,0,,2,33,33,136,33.8,94,4.8,,2,43,42,0,0,0,0,0,,1,0,0,135,32,4,0.2,,1,40,38,0,128,32,39,1.9,,3,46,46,128,32,146,7.2,,5,44,45,0,334,,,,,#REF!,#REF!,#REF!,#REF!,#REF!,#REF!,#REF!,#REF!,#REF!,#REF!,#REF!,#REF!,#REF!,#REF!,#REF!,#REF!,#REF!,#REF!,#REF!,#REF!,#REF!,#REF!,#REF!,#REF!,#REF!,#REF!,#REF!,#REF!,#REF!,,,#REF!,#REF!,#REF!,#REF!,#REF!,#REF!,,,#REF!,#REF!,#REF!,#REF!,#REF!,#REF!,,,#REF!,#REF!
,MAX,50.44,347,137,105,23.5,0,6,53,52,141,98,24.7,0,6,56,52,374.7,243.8,,0,381.9,211.5,,0,347.7,384.3,,0,347.9,623.7,,0,354.3,443.6,,0,346.6,473.4,,0,137,105,,0,141,98,,0,137,,,,0,,,,,,,91,66,0,349,150,350,17.5,0,6,74,74,349,357,,46,341,373,,42,349,288,,16,341,295,,16,355,165,,12,355,340,,15,342,331,,116,346,287,,75,330,294,,69,150,,350,17.5,,7,64,57,5,346,142,45.84,26.33,7.97,8,47,51.3,0,0,,0,0,0,,0,0,346,139,91,3.9,0,9,56,56,0,124,5.4,0,9,56,56,345,341,,0.4,345,1,,,,,,,,,,0,346,229,,0,346,,,,,,,,,0,,0,0,346,3338.8,,25.8,346,457.38,,30.07,346,234.29,,16.33,346,214.39,,-5.19,346,248.68,,7.87,346,249.24,,7.62,0,0,0,174,8.7,,8,62,59,0,0,307,15.35,,5,62,62,0,0,317,15.85,,7,60,60,0,136,33,150,7.5,,2,72,58,0,145,34.2,204,10.2,,4,47,46,145,35.4,123,6.5,,12,52,51,0,142.63,35.69,473.18,23.65,8.22,3,63.54,49.14,0,0,0,0,,0,0,0,0,140,33,0,0,,2,49,48,140,34.9,176,9.5,,2,56,54,0,0,0,0,0,,1,0,0,140,34,154,8.6,,1,50,48,0,140,34,265,13,,3,57,57,140,35,380,18.6,,5,52,54,0,350,,,,,#REF!,#REF!,#REF!,#REF!,#REF!,#REF!,#REF!,#REF!,#REF!,#REF!,#REF!,#REF!,#REF!,#REF!,#REF!,#REF!,#REF!,#REF!,#REF!,#REF!,#REF!,#REF!,#REF!,#REF!,#REF!,#REF!,#REF!,#REF!,#REF!,,,#REF!,#REF!,#REF!,#REF!,#REF!,#REF!,,,#REF!,#REF!,#REF!,#REF!,#REF!,#REF!,,,#REF!,#REF!
,,,,,,,,,,,,,,,,,,,,,,,,,,,,,,,,,,,,,,,,,,,,,,,,,,,,,,,,,,,,,,,,,,,,,,,,,,,,,,,,,,,,,,,,,,,,,,,,,,,,,,,,,,,,,,,,,,,,,,,,,,,,,,,,,,,,,,,,,,,,,,,,,,,,,,,,,,,,,,,,,,,,,,,,,,,,,,,,,,,,,,,,,,,,,,,,,,,,,,,,,,,,,,,,,,,,,,,,,,,,,,,,,,,,,,,,,,,,,,,,,,,,,,,,,,,,,,,,,,,,,,,,,,,,,,,,,,,,,,,,,,,,,,,,,,,,,,,,,,,,,,,,,,,,,,,,,,,,,,,,,,,,,,,,,,,,,,,,,,,,,,,,,,,,,,,,,,,,,,,,,,,,,,,,,,,,,,,,,,,
,,,,,,,,,,,,,,,,,,,,,,,,,,,,,,,,,,,,,,,,,,,,,,,,,,,,,,,,,,,,,,,,,,,,,,,,,,,,,,,,,,,,,,,,,,,,,,,,,,,,,,,,,,,,,,,,,,,,,,,,,,,,,,,,,,,,,,,,,,,,,,,,,,,,,,,,,,,,,,,,,,,,,,,,,,,,,,,,,,,,,,,,,,,,,,,,,,,,,,,,,,,,,,,,,,,,,,,,,,,,,,,,,,,,,,,,,,,,,,,,,,,,,,,,,,,,,,,,,,,,,,,,,,,,,,,,,,,,,,,,,,,,,,,,,,,,,,,,,,,,,,,,,,,,,,,,,,,,,,,,,,,,,,,,,,,,,,,,,,,,,,,,,,,,,,,,,,,,,,,,,,,,,,,,,,,,,,,,,,,
,,,,,,,,,,,,,,,,,,,,,,,,,,,,,,,,,,,,,,,,,,,,,,,,,,,,,,,,,,,,,,,,,,,,,,,,,,,,,,,,,,,,,,,,,,,,,,,,,,,,,,,,,,,,,,,,,,,,,,,,,,,,,,,,,,,,,,,,,,,,,,,,,,,,,,,,,,,,,,,,,,,,,,,,,,,,,,,,,,,,,,,,,,,,,,,,,,,,,,,,,,,,,,,,,,,,,,,,,,,,,,,,,,,,,,,,,,,,,,,,,,,,,,,,,,,,,,,,,,,,,,,,,,,,,,,,,,,,,,,,,,,,,,,,,,,,,,,,,,,,,,,,,,,,,,,,,,,,,,,,,,,,,,,,,,,,,,,,,,,,,,,,,,,,,,,,,,,,,,,,,,,,,,,,,,,,,,,,,,,
,,,,,,,,,,,,,,,,,,,,,,,,,,,,,,,,,,,,,,,,,,,,,,,,,,,,,,,,,,,,,,,,,,,,,,,,,,,,,,,,,,,,,,,,,,,,,,,,,,,,,,,,,,,,,,,,,,,,,,,,,,,,,,,,,,,,,,,,,,,,,,,,,,,,,,,,,,,,,,,,,,,,,,,,,,,,,,,,,,,,,,,,,,,,,,,,,,,,,,,,,,,,,,,,,,,,,,,,,,,,,,,,,,,,,,,,,,,,,,,,,,,,,,,,,,,,,,,,,,,,,,,,,,,,,,,,,,,,,,,,,,,,,,,,,,,,,,,,,,,,,,,,,,,,,,,,,,,,,,,,,,,,,,,,,,,,,,,,,,,,,,,,,,,,,,,,,,,,,,,,,,,,,,,,,,,,,,,,,,,
,,,,,,,,,,,,,,,,,,,,,,,,,,,,,,,,,,,,,,,,,,,,,,,,,,,,,,,,,,,,,,,,,,,,,,,,,,,,,,,,,,,,,,,,,,,,,,,,,,,,,,,,,,,,,,,,,,,,,,,,,,,,,,,,,,,,,,,,,,,,,,,,,,,,,,,,,,,,,,,,,,,,,,,,,,,,,,,,,,,,,,,,,,,,,,,,,,,,,,,,,,,,,,,,,,,,,,,,,,,,,,,,,,,,,,,,,,,,,,,,,,,,,,,,,,,,,,,,,,,,,,,,,,,,,,,,,,,,,,,,,,,,,,,,,,,,,,,,,,,,,,,,,,,,,,,,,,,,,,,,,,,,,,,,,,,,,,,,,,,,,,,,,,,,,,,,,,,,,,,,,,,,,,,,,,,,,,,,,,,
,,,,,,,,,,,,,,,,,,,,,,,,,,,,,,,,,,,,,,,,,,,,,,,,,,,,,,,,,,,,,,,,,,,,,,,,,,,,,,,,,,,,,,,,,,,,,,,,,,,,,,,,,,,,,,,,,,,,,,,,,,,,,,,,,,,,,,,,,,,,,,,,,,,,,,,,,,,,,,,,,,,,,,,,,,,,,,,,,,,,,,,,,,,,,,,,,,,,,,,,,,,,,,,,,,,,,,,,,,,,,,,,,,,,,,,,,,,,,,,,,,,,,,,,,,,,,,,,,,,,,,,,,,,,,,,,,,,,,,,,,,,,,,,,,,,,,,,,,,,,,,,,,,,,,,,,,,,,,,,,,,,,,,,,,,,,,,,,,,,,,,,,,,,,,,,,,,,,,,,,,,,,,,,,,,,,,,,,,,,
,,,,,,,,,,,,,,,,,,,,,,,,,,,,,,,,,,,,,,,,,,,,,,,,,,,,,,,,,,,,,,,,,,,,,,,,,,,,,,,,,,,,,,,,,,,,,,,,,,,,,,,,,,,,,,,,,,,,,,,,,,,,,,,,,,,,,,,,,,,,,,,,,,,,,,,,,,,,,,,,,,,,,,,,,,,,,,,,,,,,,,,,,,,,,,,,,,,,,,,,,,,,,,,,,,,,,,,,,,,,,,,,,,,,,,,,,,,,,,,,,,,,,,,,,,,,,,,,,,,,,,,,,,,,,,,,,,,,,,,,,,,,,,,,,,,,,,,,,,,,,,,,,,,,,,,,,,,,,,,,,,,,,,,,,,,,,,,,,,,,,,,,,,,,,,,,,,,,,,,,,,,,,,,,,,,,,,,,,,,
,,,,,,,,,,,,,,,,,,,,,,,,,,,,,,,,,,,,,,,,,,,,,,,,,,,,,,,,,,,,,,,,,,,,,,,,,,,,,,,,,,,,,,,,,,,,,,,,,,,,,,,,,,,,,,,,,,,,,,,,,,,,,,,,,,,,,,,,,,,,,,,,,,,,,,,,,,,,,,,,,,,,,,,,,,,,,,,,,,,,,,,,,,,,,,,,,,,,,,,,,,,,,,,,,,,,,,,,,,,,,,,,,,,,,,,,,,,,,,,,,,,,,,,,,,,,,,,,,,,,,,,,,,,,,,,,,,,,,,,,,,,,,,,,,,,,,,,,,,,,,,,,,,,,,,,,,,,,,,,,,,,,,,,,,,,,,,,,,,,,,,,,,,,,,,,,,,,,,,,,,,,,,,,,,,,,,,,,,,,
,,,,,,,,,,,,,,,,,,,,,,,,,,,,,,,,,,,,,,,,,,,,,,,,,,,,,,,,,,,,,,,,,,,,,,,,,,,,,,,,,,,,,,,,,,,,,,,,,,,,,,,,,,,,,,,,,,,,,,,,,,,,,,,,,,,,,,,,,,,,,,,,,,,,,,,,,,,,,,,,,,,,,,,,,,,,,,,,,,,,,,,,,,,,,,,,,,,,,,,,,,,,,,,,,,,,,,,,,,,,,,,,,,,,,,,,,,,,,,,,,,,,,,,,,,,,,,,,,,,,,,,,,,,,,,,,,,,,,,,,,,,,,,,,,,,,,,,,,,,,,,,,,,,,,,,,,,,,,,,,,,,,,,,,,,,,,,,,,,,,,,,,,,,,,,,,,,,,,,,,,,,,,,,,,,,,,,,,,,,
,,,,,,,,,,,,,,,,,,,,,,,,,,,,,,,,,,,,,,,,,,,,,,,,,,,,,,,,,,,,,,,,,,,,,,,,,,,,,,,,,,,,,,,,,,,,,,,,,,,,,,,,,,,,,,,,,,,,,,,,,,,,,,,,,,,,,,,,,,,,,,,,,,,,,,,,,,,,,,,,,,,,,,,,,,,,,,,,,,,,,,,,,,,,,,,,,,,,,,,,,,,,,,,,,,,,,,,,,,,,,,,,,,,,,,,,,,,,,,,,,,,,,,,,,,,,,,,,,,,,,,,,,,,,,,,,,,,,,,,,,,,,,,,,,,,,,,,,,,,,,,,,,,,,,,,,,,,,,,,,,,,,,,,,,,,,,,,,,,,,,,,,,,,,,,,,,,,,,,,,,,,,,,,,,,,,,,,,,,,
,,,,,,,,,,,,,,,,,,,,,,,,,,,,,,,,,,,,,,,,,,,,,,,,,,,,,,,,,,,,,,,,,,,,,,,,,,,,,,,,,,,,,,,,,,,,,,,,,,,,,,,,,,,,,,,,,,,,,,,,,,,,,,,,,,,,,,,,,,,,,,,,,,,,,,,,,,,,,,,,,,,,,,,,,,,,,,,,,,,,,,,,,,,,,,,,,,,,,,,,,,,,,,,,,,,,,,,,,,,,,,,,,,,,,,,,,,,,,,,,,,,,,,,,,,,,,,,,,,,,,,,,,,,,,,,,,,,,,,,,,,,,,,,,,,,,,,,,,,,,,,,,,,,,,,,,,,,,,,,,,,,,,,,,,,,,,,,,,,,,,,,,,,,,,,,,,,,,,,,,,,,,,,,,,,,,,,,,,,,
,,,,,,,,,,,,,,,,,,,,,,,,,,,,,,,,,,,,,,,,,,,,,,,,,,,,,,,,,,,,,,,,,,,,,,,,,,,,,,,,,,,,,,,,,,,,,,,,,,,,,,,,,,,,,,,,,,,,,,,,,,,,,,,,,,,,,,,,,,,,,,,,,,,,,,,,,,,,,,,,,,,,,,,,,,,,,,,,,,,,,,,,,,,,,,,,,,,,,,,,,,,,,,,,,,,,,,,,,,,,,,,,,,,,,,,,,,,,,,,,,,,,,,,,,,,,,,,,,,,,,,,,,,,,,,,,,,,,,,,,,,,,,,,,,,,,,,,,,,,,,,,,,,,,,,,,,,,,,,,,,,,,,,,,,,,,,,,,,,,,,,,,,,,,,,,,,,,,,,,,,,,,,,,,,,,,,,,,,,,
,,,,,,,,,,,,,,,,,,,,,,,,,,,,,,,,,,,,,,,,,,,,,,,,,,,,,,,,,,,,,,,,,,,,,,,,,,,,,,,,,,,,,,,,,,,,,,,,,,,,,,,,,,,,,,,,,,,,,,,,,,,,,,,,,,,,,,,,,,,,,,,,,,,,,,,,,,,,,,,,,,,,,,,,,,,,,,,,,,,,,,,,,,,,,,,,,,,,,,,,,,,,,,,,,,,,,,,,,,,,,,,,,,,,,,,,,,,,,,,,,,,,,,,,,,,,,,,,,,,,,,,,,,,,,,,,,,,,,,,,,,,,,,,,,,,,,,,,,,,,,,,,,,,,,,,,,,,,,,,,,,,,,,,,,,,,,,,,,,,,,,,,,,,,,,,,,,,,,,,,,,,,,,,,,,,,,,,,,,,
,,,,,,,,,,,,,,,,,,,,,,,,,,,,,,,,,,,,,,,,,,,,,,,,,,,,,,,,,,,,,,,,,,,,,,,,,,,,,,,,,,,,,,,,,,,,,,,,,,,,,,,,,,,,,,,,,,,,,,,,,,,,,,,,,,,,,,,,,,,,,,,,,,,,,,,,,,,,,,,,,,,,,,,,,,,,,,,,,,,,,,,,,,,,,,,,,,,,,,,,,,,,,,,,,,,,,,,,,,,,,,,,,,,,,,,,,,,,,,,,,,,,,,,,,,,,,,,,,,,,,,,,,,,,,,,,,,,,,,,,,,,,,,,,,,,,,,,,,,,,,,,,,,,,,,,,,,,,,,,,,,,,,,,,,,,,,,,,,,,,,,,,,,,,,,,,,,,,,,,,,,,,,,,,,,,,,,,,,,,
,,,,,,,,,,,,,,,,,,,,,,,,,,,,,,,,,,,,,,,,,,,,,,,,,,,,,,,,,,,,,,,,,,,,,,,,,,,,,,,,,,,,,,,,,,,,,,,,,,,,,,,,,,,,,,,,,,,,,,,,,,,,,,,,,,,,,,,,,,,,,,,,,,,,,,,,,,,,,,,,,,,,,,,,,,,,,,,,,,,,,,,,,,,,,,,,,,,,,,,,,,,,,,,,,,,,,,,,,,,,,,,,,,,,,,,,,,,,,,,,,,,,,,,,,,,,,,,,,,,,,,,,,,,,,,,,,,,,,,,,,,,,,,,,,,,,,,,,,,,,,,,,,,,,,,,,,,,,,,,,,,,,,,,,,,,,,,,,,,,,,,,,,,,,,,,,,,,,,,,,,,,,,,,,,,,,,,,,,,,
,,,,,,,,,,,,,,,,,,,,,,,,,,,,,,,,,,,,,,,,,,,,,,,,,,,,,,,,,,,,,,,,,,,,,,,,,,,,,,,,,,,,,,,,,,,,,,,,,,,,,,,,,,,,,,,,,,,,,,,,,,,,,,,,,,,,,,,,,,,,,,,,,,,,,,,,,,,,,,,,,,,,,,,,,,,,,,,,,,,,,,,,,,,,,,,,,,,,,,,,,,,,,,,,,,,,,,,,,,,,,,,,,,,,,,,,,,,,,,,,,,,,,,,,,,,,,,,,,,,,,,,,,,,,,,,,,,,,,,,,,,,,,,,,,,,,,,,,,,,,,,,,,,,,,,,,,,,,,,,,,,,,,,,,,,,,,,,,,,,,,,,,,,,,,,,,,,,,,,,,,,,,,,,,,,,,,,,,,,,
,,,,,,,,,,,,,,,,,,,,,,,,,,,,,,,,,,,,,,,,,,,,,,,,,,,,,,,,,,,,,,,,,,,,,,,,,,,,,,,,,,,,,,,,,,,,,,,,,,,,,,,,,,,,,,,,,,,,,,,,,,,,,,,,,,,,,,,,,,,,,,,,,,,,,,,,,,,,,,,,,,,,,,,,,,,,,,,,,,,,,,,,,,,,,,,,,,,,,,,,,,,,,,,,,,,,,,,,,,,,,,,,,,,,,,,,,,,,,,,,,,,,,,,,,,,,,,,,,,,,,,,,,,,,,,,,,,,,,,,,,,,,,,,,,,,,,,,,,,,,,,,,,,,,,,,,,,,,,,,,,,,,,,,,,,,,,,,,,,,,,,,,,,,,,,,,,,,,,,,,,,,,,,,,,,,,,,,,,,,
,,,,,,,,,,,,,,,,,,,,,,,,,,,,,,,,,,,,,,,,,,,,,,,,,,,,,,,,,,,,,,,,,,,,,,,,,,,,,,,,,,,,,,,,,,,,,,,,,,,,,,,,,,,,,,,,,,,,,,,,,,,,,,,,,,,,,,,,,,,,,,,,,,,,,,,,,,,,,,,,,,,,,,,,,,,,,,,,,,,,,,,,,,,,,,,,,,,,,,,,,,,,,,,,,,,,,,,,,,,,,,,,,,,,,,,,,,,,,,,,,,,,,,,,,,,,,,,,,,,,,,,,,,,,,,,,,,,,,,,,,,,,,,,,,,,,,,,,,,,,,,,,,,,,,,,,,,,,,,,,,,,,,,,,,,,,,,,,,,,,,,,,,,,,,,,,,,,,,,,,,,,,,,,,,,,,,,,,,,,
,,,,,,,,,,,,,,,,,,,,,,,,,,,,,,,,,,,,,,,,,,,,,,,,,,,,,,,,,,,,,,,,,,,,,,,,,,,,,,,,,,,,,,,,,,,,,,,,,,,,,,,,,,,,,,,,,,,,,,,,,,,,,,,,,,,,,,,,,,,,,,,,,,,,,,,,,,,,,,,,,,,,,,,,,,,,,,,,,,,,,,,,,,,,,,,,,,,,,,,,,,,,,,,,,,,,,,,,,,,,,,,,,,,,,,,,,,,,,,,,,,,,,,,,,,,,,,,,,,,,,,,,,,,,,,,,,,,,,,,,,,,,,,,,,,,,,,,,,,,,,,,,,,,,,,,,,,,,,,,,,,,,,,,,,,,,,,,,,,,,,,,,,,,,,,,,,,,,,,,,,,,,,,,,,,,,,,,,,,,
,,,,,,,,,,,,,,,,,,,,,,,,,,,,,,,,,,,,,,,,,,,,,,,,,,,,,,,,,,,,,,,,,,,,,,,,,,,,,,,,,,,,,,,,,,,,,,,,,,,,,,,,,,,,,,,,,,,,,,,,,,,,,,,,,,,,,,,,,,,,,,,,,,,,,,,,,,,,,,,,,,,,,,,,,,,,,,,,,,,,,,,,,,,,,,,,,,,,,,,,,,,,,,,,,,,,,,,,,,,,,,,,,,,,,,,,,,,,,,,,,,,,,,,,,,,,,,,,,,,,,,,,,,,,,,,,,,,,,,,,,,,,,,,,,,,,,,,,,,,,,,,,,,,,,,,,,,,,,,,,,,,,,,,,,,,,,,,,,,,,,,,,,,,,,,,,,,,,,,,,,,,,,,,,,,,,,,,,,,,
,,,,,,,,,,,,,,,,,,,,,,,,,,,,,,,,,,,,,,,,,,,,,,,,,,,,,,,,,,,,,,,,,,,,,,,,,,,,,,,,,,,,,,,,,,,,,,,,,,,,,,,,,,,,,,,,,,,,,,,,,,,,,,,,,,,,,,,,,,,,,,,,,,,,,,,,,,,,,,,,,,,,,,,,,,,,,,,,,,,,,,,,,,,,,,,,,,,,,,,,,,,,,,,,,,,,,,,,,,,,,,,,,,,,,,,,,,,,,,,,,,,,,,,,,,,,,,,,,,,,,,,,,,,,,,,,,,,,,,,,,,,,,,,,,,,,,,,,,,,,,,,,,,,,,,,,,,,,,,,,,,,,,,,,,,,,,,,,,,,,,,,,,,,,,,,,,,,,,,,,,,,,,,,,,,,,,,,,,,,
,,,,,,,,,,,,,,,,,,,,,,,,,,,,,,,,,,,,,,,,,,,,,,,,,,,,,,,,,,,,,,,,,,,,,,,,,,,,,,,,,,,,,,,,,,,,,,,,,,,,,,,,,,,,,,,,,,,,,,,,,,,,,,,,,,,,,,,,,,,,,,,,,,,,,,,,,,,,,,,,,,,,,,,,,,,,,,,,,,,,,,,,,,,,,,,,,,,,,,,,,,,,,,,,,,,,,,,,,,,,,,,,,,,,,,,,,,,,,,,,,,,,,,,,,,,,,,,,,,,,,,,,,,,,,,,,,,,,,,,,,,,,,,,,,,,,,,,,,,,,,,,,,,,,,,,,,,,,,,,,,,,,,,,,,,,,,,,,,,,,,,,,,,,,,,,,,,,,,,,,,,,,,,,,,,,,,,,,,,,
,,,,,,,,,,,,,,,,,,,,,,,,,,,,,,,,,,,,,,,,,,,,,,,,,,,,,,,,,,,,,,,,,,,,,,,,,,,,,,,,,,,,,,,,,,,,,,,,,,,,,,,,,,,,,,,,,,,,,,,,,,,,,,,,,,,,,,,,,,,,,,,,,,,,,,,,,,,,,,,,,,,,,,,,,,,,,,,,,,,,,,,,,,,,,,,,,,,,,,,,,,,,,,,,,,,,,,,,,,,,,,,,,,,,,,,,,,,,,,,,,,,,,,,,,,,,,,,,,,,,,,,,,,,,,,,,,,,,,,,,,,,,,,,,,,,,,,,,,,,,,,,,,,,,,,,,,,,,,,,,,,,,,,,,,,,,,,,,,,,,,,,,,,,,,,,,,,,,,,,,,,,,,,,,,,,,,,,,,,,
,,,,,,,,,,,,,,,,,,,,,,,,,,,,,,,,,,,,,,,,,,,,,,,,,,,,,,,,,,,,,,,,,,,,,,,,,,,,,,,,,,,,,,,,,,,,,,,,,,,,,,,,,,,,,,,,,,,,,,,,,,,,,,,,,,,,,,,,,,,,,,,,,,,,,,,,,,,,,,,,,,,,,,,,,,,,,,,,,,,,,,,,,,,,,,,,,,,,,,,,,,,,,,,,,,,,,,,,,,,,,,,,,,,,,,,,,,,,,,,,,,,,,,,,,,,,,,,,,,,,,,,,,,,,,,,,,,,,,,,,,,,,,,,,,,,,,,,,,,,,,,,,,,,,,,,,,,,,,,,,,,,,,,,,,,,,,,,,,,,,,,,,,,,,,,,,,,,,,,,,,,,,,,,,,,,,,,,,,,,
,,,,,,,,,,,,,,,,,,,,,,,,,,,,,,,,,,,,,,,,,,,,,,,,,,,,,,,,,,,,,,,,,,,,,,,,,,,,,,,,,,,,,,,,,,,,,,,,,,,,,,,,,,,,,,,,,,,,,,,,,,,,,,,,,,,,,,,,,,,,,,,,,,,,,,,,,,,,,,,,,,,,,,,,,,,,,,,,,,,,,,,,,,,,,,,,,,,,,,,,,,,,,,,,,,,,,,,,,,,,,,,,,,,,,,,,,,,,,,,,,,,,,,,,,,,,,,,,,,,,,,,,,,,,,,,,,,,,,,,,,,,,,,,,,,,,,,,,,,,,,,,,,,,,,,,,,,,,,,,,,,,,,,,,,,,,,,,,,,,,,,,,,,,,,,,,,,,,,,,,,,,,,,,,,,,,,,,,,,,
,,,,,,,,,,,,,,,,,,,,,,,,,,,,,,,,,,,,,,,,,,,,,,,,,,,,,,,,,,,,,,,,,,,,,,,,,,,,,,,,,,,,,,,,,,,,,,,,,,,,,,,,,,,,,,,,,,,,,,,,,,,,,,,,,,,,,,,,,,,,,,,,,,,,,,,,,,,,,,,,,,,,,,,,,,,,,,,,,,,,,,,,,,,,,,,,,,,,,,,,,,,,,,,,,,,,,,,,,,,,,,,,,,,,,,,,,,,,,,,,,,,,,,,,,,,,,,,,,,,,,,,,,,,,,,,,,,,,,,,,,,,,,,,,,,,,,,,,,,,,,,,,,,,,,,,,,,,,,,,,,,,,,,,,,,,,,,,,,,,,,,,,,,,,,,,,,,,,,,,,,,,,,,,,,,,,,,,,,,,
,,,,,,,,,,,,,,,,,,,,,,,,,,,,,,,,,,,,,,,,,,,,,,,,,,,,,,,,,,,,,,,,,,,,,,,,,,,,,,,,,,,,,,,,,,,,,,,,,,,,,,,,,,,,,,,,,,,,,,,,,,,,,,,,,,,,,,,,,,,,,,,,,,,,,,,,,,,,,,,,,,,,,,,,,,,,,,,,,,,,,,,,,,,,,,,,,,,,,,,,,,,,,,,,,,,,,,,,,,,,,,,,,,,,,,,,,,,,,,,,,,,,,,,,,,,,,,,,,,,,,,,,,,,,,,,,,,,,,,,,,,,,,,,,,,,,,,,,,,,,,,,,,,,,,,,,,,,,,,,,,,,,,,,,,,,,,,,,,,,,,,,,,,,,,,,,,,,,,,,,,,,,,,,,,,,,,,,,,,,
,,,,,,,,,,,,,,,,,,,,,,,,,,,,,,,,,,,,,,,,,,,,,,,,,,,,,,,,,,,,,,,,,,,,,,,,,,,,,,,,,,,,,,,,,,,,,,,,,,,,,,,,,,,,,,,,,,,,,,,,,,,,,,,,,,,,,,,,,,,,,,,,,,,,,,,,,,,,,,,,,,,,,,,,,,,,,,,,,,,,,,,,,,,,,,,,,,,,,,,,,,,,,,,,,,,,,,,,,,,,,,,,,,,,,,,,,,,,,,,,,,,,,,,,,,,,,,,,,,,,,,,,,,,,,,,,,,,,,,,,,,,,,,,,,,,,,,,,,,,,,,,,,,,,,,,,,,,,,,,,,,,,,,,,,,,,,,,,,,,,,,,,,,,,,,,,,,,,,,,,,,,,,,,,,,,,,,,,,,,
,,,,,,,,,,,,,,,,,,,,,,,,,,,,,,,,,,,,,,,,,,,,,,,,,,,,,,,,,,,,,,,,,,,,,,,,,,,,,,,,,,,,,,,,,,,,,,,,,,,,,,,,,,,,,,,,,,,,,,,,,,,,,,,,,,,,,,,,,,,,,,,,,,,,,,,,,,,,,,,,,,,,,,,,,,,,,,,,,,,,,,,,,,,,,,,,,,,,,,,,,,,,,,,,,,,,,,,,,,,,,,,,,,,,,,,,,,,,,,,,,,,,,,,,,,,,,,,,,,,,,,,,,,,,,,,,,,,,,,,,,,,,,,,,,,,,,,,,,,,,,,,,,,,,,,,,,,,,,,,,,,,,,,,,,,,,,,,,,,,,,,,,,,,,,,,,,,,,,,,,,,,,,,,,,,,,,,,,,,,
,,,,,,,,,,,,,,,,,,,,,,,,,,,,,,,,,,,,,,,,,,,,,,,,,,,,,,,,,,,,,,,,,,,,,,,,,,,,,,,,,,,,,,,,,,,,,,,,,,,,,,,,,,,,,,,,,,,,,,,,,,,,,,,,,,,,,,,,,,,,,,,,,,,,,,,,,,,,,,,,,,,,,,,,,,,,,,,,,,,,,,,,,,,,,,,,,,,,,,,,,,,,,,,,,,,,,,,,,,,,,,,,,,,,,,,,,,,,,,,,,,,,,,,,,,,,,,,,,,,,,,,,,,,,,,,,,,,,,,,,,,,,,,,,,,,,,,,,,,,,,,,,,,,,,,,,,,,,,,,,,,,,,,,,,,,,,,,,,,,,,,,,,,,,,,,,,,,,,,,,,,,,,,,,,,,,,,,,,,,
,,,,,,,,,,,,,,,,,,,,,,,,,,,,,,,,,,,,,,,,,,,,,,,,,,,,,,,,,,,,,,,,,,,,,,,,,,,,,,,,,,,,,,,,,,,,,,,,,,,,,,,,,,,,,,,,,,,,,,,,,,,,,,,,,,,,,,,,,,,,,,,,,,,,,,,,,,,,,,,,,,,,,,,,,,,,,,,,,,,,,,,,,,,,,,,,,,,,,,,,,,,,,,,,,,,,,,,,,,,,,,,,,,,,,,,,,,,,,,,,,,,,,,,,,,,,,,,,,,,,,,,,,,,,,,,,,,,,,,,,,,,,,,,,,,,,,,,,,,,,,,,,,,,,,,,,,,,,,,,,,,,,,,,,,,,,,,,,,,,,,,,,,,,,,,,,,,,,,,,,,,,,,,,,,,,,,,,,,,,
,,,,,,,,,,,,,,,,,,,,,,,,,,,,,,,,,,,,,,,,,,,,,,,,,,,,,,,,,,,,,,,,,,,,,,,,,,,,,,,,,,,,,,,,,,,,,,,,,,7,,,,,,,,,,,,,,,,,,,,,,,,,,,,,,,,,,,,,,,,,,,,,,,,,,,,,,,,,,,,,,,,,,,,,,,,,,,,,,,,,,,,,,,,,,,,,,,,,,,,,,,,,,,,,,,,,,,,,,,,,,,,,,,,,,,,,,,,,,,,,,,,,,,,,,,,,,,,,,,,,,,,,,,,,,,,,,,,,,,,,,,,,,,,,,,,,,,,,,,,,,,,,,,,,,,,,,,,,,,,,,,,,,,,,,,,,,,,,,,,,,,,,,,,,,,,,,,,,,,,,,,,,,,,,,,,,,,,,,,,,
